label,formula,atoms_before,atoms_after,reduction_ratio,sg_number,sg_symbol,success
mp-1006611,Sb12 S9 N18 O36 F36,111,111,1.0,1,P1,True
mp-1008676,Ti1 S2,3,2,0.6666666666666666,191,P6/mmm,True
mp-1009491,Rb1 Te1,2,2,1.0,216,F-43m,True
mp-1011376,Ce1 Se2,3,2,0.6666666666666666,191,P6/mmm,True
mp-1018075,Fe2 Se2,4,2,0.5,129,P4/nmm,True
mp-10195,Lu2 S4,6,2,0.3333333333333333,227,Fd-3m,True
mp-1020739,P4 S4 N36,44,11,0.25,14,P21/c,True
mp-1023371,Sn4 S1 F6,11,11,1.0,1,P1,True
mp-1025333,Ag1 W1 S4 N1,7,4,0.5714285714285714,82,I-4,True
mp-1042086,Mo2 S4,6,2,0.3333333333333333,122,I-42d,True
mp-1042100,W2 S4,6,2,0.3333333333333333,122,I-42d,True
mp-1045028,W6 Se4 Cl2 O16,28,16,0.5714285714285714,6,Pm,True
mp-1048587,Ti6 Al2 Se4 Cl2 O16,30,30,1.0,1,P1,True
mp-1057437,Rb1 S1,2,2,1.0,225,Fm-3m,True
mp-1057486,Cs1 S1,2,2,1.0,221,Pm-3m,True
mp-1058119,K1 S1,2,2,1.0,225,Fm-3m,True
mp-1058171,Na1 S1,2,2,1.0,225,Fm-3m,True
mp-1061865,Te1 N2,3,2,0.6666666666666666,225,Fm-3m,True
mp-1062795,Co1 S1 I1,3,3,1.0,216,F-43m,True
mp-10629,Tb2 S4,6,2,0.3333333333333333,227,Fd-3m,True
mp-10633,Tm2 S4,6,2,0.3333333333333333,227,Fd-3m,True
mp-1063581,H3 S1,4,2,0.5,229,Im-3m,True
mp-1063678,H3 S1,4,2,0.5,160,R3m,True
mp-1063927,Ti1 S2 N1,4,4,1.0,160,R3m,True
mp-1063988,S4,4,1,0.25,229,Im-3m,True
mp-10643,Sm2 Se2,4,2,0.5,186,P63mc,True
mp-10645,Tb2 Se2,4,2,0.5,186,P63mc,True
mp-1066394,Al1 Cu1 Te2,4,3,0.75,225,Fm-3m,True
mp-1066497,Fe2 Se2,4,2,0.5,67,Cmme,True
mp-1067509,Al1 Cu1 S2,4,3,0.75,225,Fm-3m,True
mp-1067556,Al1 Cu1 Se2,4,3,0.75,225,Fm-3m,True
mp-1068462,La2 S2,4,2,0.5,25,Pmm2,True
mp-1071360,Fe2 Se2 N2,6,3,0.5,129,P4/nmm,True
mp-1072192,Ti2 S4,6,3,0.5,194,P63/mmc,True
mp-1072633,Li1 Ti1 Se2 O2,6,4,0.6666666666666666,164,P-3m1,True
mp-1077072,Gd2 S4,6,2,0.3333333333333333,227,Fd-3m,True
mp-1077164,Li1 Ti1 S2 O2,6,4,0.6666666666666666,12,C2/m,True
mp-1077525,U4 S2,6,3,0.5,2,P-1,True
mp-1077563,Co2 Te2 Mo2,6,3,0.5,59,Pmmn,True
mp-1077823,Te2 O4,6,3,0.5,63,Cmcm,True
mp-1077948,Te4 Pt3,7,4,0.5714285714285714,12,C2/m,True
mp-1078111,Cu1 Mo1 S4 N1,7,4,0.5714285714285714,82,I-4,True
mp-1078396,In2 Se4 N2,8,3,0.375,140,I4/mcm,True
mp-1078456,K4 Se4 N2,10,3,0.3,15,C2/c,True
mp-1078816,S4 N4,8,2,0.25,14,P21/c,True
mp-1078865,Sb1 S4 N3,8,3,0.375,229,Im-3m,True
mp-1079018,Ta2 S4 N2,8,4,0.5,186,P63mc,True
mp-1079529,Na1 Te1 O6,8,3,0.375,225,Fm-3m,True
mp-1079569,Te1 N2 O6,9,4,0.4444444444444444,12,C2/m,True
mp-1079732,Te1 Br6 N2,9,3,0.3333333333333333,225,Fm-3m,True
mp-1079970,Se1 Br6 O2,9,3,0.3333333333333333,225,Fm-3m,True
mp-1080096,Pt1 S6 N2,9,4,0.4444444444444444,65,Cmmm,True
mp-1080109,Cu4 S3 N1,8,4,0.5,123,P4/mmm,True
mp-1080248,Ce2 Se4,6,2,0.3333333333333333,72,Ibam,True
mp-1080249,Ce2 Se4,6,2,0.3333333333333333,227,Fd-3m,True
mp-1080250,Ce4 Se8,12,12,1.0,1,P1,True
mp-1080252,Ce2 Se4,6,2,0.3333333333333333,227,Fd-3m,True
mp-1080255,Ce4 Se8,12,12,1.0,1,P1,True
mp-1080256,Ce8 Se16,24,4,0.16666666666666666,121,I-42m,True
mp-1080257,Ce4 Se8,12,6,0.5,9,Cc,True
mp-1080260,Ce2 Se4,6,2,0.3333333333333333,122,I-42d,True
mp-1080261,Ce4 Se8,12,4,0.3333333333333333,15,C2/c,True
mp-1080262,Ce8 Se16,24,6,0.25,14,P21/c,True
mp-1080265,Ce3 Se6,9,2,0.2222222222222222,152,P3121,True
mp-1080266,Ce4 Se8,12,7,0.5833333333333334,5,C2,True
mp-1080267,Ce4 Se8,12,12,1.0,1,P1,True
mp-1080269,Ce4 Se8,12,4,0.3333333333333333,46,Ima2,True
mp-1080270,Ce4 Se8,12,6,0.5,5,C2,True
mp-1080272,Ce4 Se8,12,3,0.25,33,Pna21,True
mp-1080273,Ce4 Se8,12,3,0.25,70,Fddd,True
mp-1080275,Ce2 Se4,6,2,0.3333333333333333,72,Ibam,True
mp-1080277,Ce6 Se12,18,5,0.2777777777777778,15,C2/c,True
mp-1080278,Ce8 Se16,24,7,0.2916666666666667,15,C2/c,True
mp-1080288,Ce4 Se8,12,3,0.25,98,I4122,True
mp-1080291,Ce4 Se8,12,4,0.3333333333333333,20,C2221,True
mp-1080292,Ce4 Se8,12,10,0.8333333333333334,6,Pm,True
mp-1080294,Ce1 Se2,3,2,0.6666666666666666,47,Pmmm,True
mp-1080296,Ce3 Se6,9,2,0.2222222222222222,154,P3221,True
mp-1080298,Ce8 Se16,24,5,0.20833333333333334,70,Fddd,True
mp-1080304,Ce6 Se12,18,4,0.2222222222222222,166,R-3m,True
mp-1080308,Ce8 Se16,24,4,0.16666666666666666,118,P-4n2,True
mp-1080311,Ce4 Se8,12,3,0.25,82,I-4,True
mp-1080316,Ce6 Se12,18,4,0.2222222222222222,162,P-31m,True
mp-1080317,Ce4 Se8,12,12,1.0,1,P1,True
mp-1080319,Ce1 Se2,3,2,0.6666666666666666,5,C2,True
mp-1080326,Ce4 Se8,12,4,0.3333333333333333,15,C2/c,True
mp-1080329,Ce4 Se8,12,7,0.5833333333333334,5,C2,True
mp-1080332,Ce2 Se4,6,2,0.3333333333333333,122,I-42d,True
mp-1080338,Ce4 Se8,12,6,0.5,4,P21,True
mp-1080341,Ce8 Se16,24,4,0.16666666666666666,132,P42/mcm,True
mp-1080344,Ce8 Se16,24,4,0.16666666666666666,56,Pccn,True
mp-1080351,Ce3 Se6,9,2,0.2222222222222222,180,P6222,True
mp-1080352,Ce16 Se32,48,5,0.10416666666666667,141,I41/amd,True
mp-1080354,Ce8 Se16,24,5,0.20833333333333334,98,I4122,True
mp-1080355,Ce24 Se48,72,4,0.05555555555555555,225,Fm-3m,True
mp-1080356,Ce18 Se36,54,11,0.2037037037037037,69,Fmmm,True
mp-1080357,Ce8 Se16,24,5,0.20833333333333334,50,Pban,True
mp-1080358,Ce8 Se16,24,7,0.2916666666666667,15,C2/c,True
mp-1080359,Ce12 Se24,36,4,0.1111111111111111,199,I213,True
mp-1080360,Ce8 Se16,24,3,0.125,227,Fd-3m,True
mp-1080361,Ce24 Se48,72,14,0.19444444444444445,63,Cmcm,True
mp-1080362,Ce24 Se48,72,36,0.5,9,Cc,True
mp-1080363,Ce16 Se32,48,7,0.14583333333333334,55,Pbam,True
mp-1080364,Ce8 Se16,24,5,0.20833333333333334,48,Pnnn,True
mp-1080365,Ce24 Se48,72,19,0.2638888888888889,11,P21/m,True
mp-1080366,Ce8 Se16,24,5,0.20833333333333334,54,Pcca,True
mp-1080367,Ce12 Se24,36,11,0.3055555555555556,12,C2/m,True
mp-1080369,Ce12 Se24,36,2,0.05555555555555555,230,Ia-3d,True
mp-1080370,Ce16 Se32,48,12,0.25,18,P21212,True
mp-1080371,Ce28 Se56,84,25,0.2976190476190476,12,C2/m,True
mp-1080372,Ce16 Se32,48,5,0.10416666666666667,126,P4/nnc,True
mp-1080373,Ce12 Se24,36,4,0.1111111111111111,163,P-31c,True
mp-1080374,Ce24 Se48,72,14,0.19444444444444445,74,Imma,True
mp-1080375,Ce24 Se48,72,3,0.041666666666666664,223,Pm-3n,True
mp-1080544,Gd3 S3 I3,9,3,0.3333333333333333,187,P-6m2,True
mp-1080628,Ce28 Se56,84,25,0.2976190476190476,10,P2/m,True
mp-1080629,Ce18 Se36,54,12,0.2222222222222222,71,Immm,True
mp-1080631,Ce16 Se32,48,7,0.14583333333333334,87,I4/m,True
mp-1080632,Ce24 Se48,72,18,0.25,14,P21/c,True
mp-1080633,Ce16 Se32,48,13,0.2708333333333333,14,P21/c,True
mp-1080634,Ce16 Se32,48,6,0.125,141,I41/amd,True
mp-1080635,Ce12 Se24,36,5,0.1388888888888889,96,P43212,True
mp-1080636,Ce24 Se48,72,12,0.16666666666666666,148,R-3,True
mp-1080637,Ce32 Se64,96,10,0.10416666666666667,131,P42/mmc,True
mp-1080638,Ce24 Se48,72,5,0.06944444444444445,193,P63/mcm,True
mp-1080639,Ce16 Se32,48,15,0.3125,21,C222,True
mp-1080641,Ce18 Se36,54,12,0.2222222222222222,65,Cmmm,True
mp-1080642,Ce12 Se24,36,11,0.3055555555555556,36,Cmc21,True
mp-1080652,Se1 N2 Cl6,9,3,0.3333333333333333,225,Fm-3m,True
mp-1080805,Ag2 As1 S4 N1,8,4,0.5,121,I-42m,True
mp-1080852,Ce24 Se48,72,3,0.041666666666666664,205,Pa-3,True
mp-1080854,Ce18 Se36,54,15,0.2777777777777778,13,P2/c,True
mp-1080855,Ce16 Se32,48,14,0.2916666666666667,12,C2/m,True
mp-1080856,Ce16 Se32,48,4,0.08333333333333333,133,P42/nbc,True
mp-1080857,Ce16 Se32,48,24,0.5,2,P-1,True
mp-1080858,Ce12 Se24,36,4,0.1111111111111111,167,R-3c,True
mp-1080859,Ce16 Se32,48,4,0.08333333333333333,142,I41/acd,True
mp-1080860,Ce16 Se32,48,5,0.10416666666666667,140,I4/mcm,True
mp-1080863,Ce12 Se24,36,5,0.1388888888888889,166,R-3m,True
mp-1080864,Ce12 Se24,36,5,0.1388888888888889,177,P622,True
mp-1080865,Ce12 Se24,36,4,0.1111111111111111,195,P23,True
mp-1080866,Ce12 Se24,36,5,0.1388888888888889,162,P-31m,True
mp-1080867,Ce16 Se32,48,24,0.5,2,P-1,True
mp-1084851,Ce12 Se24,36,11,0.3055555555555556,36,Cmc21,True
mp-10869,S1,1,1,1.0,221,Pm-3m,True
mp-1087236,Ba2 As1 Se4 O3,10,7,0.7,8,Cm,True
mp-1087241,Ce12 Se24,36,12,0.3333333333333333,146,R3,True
mp-1087242,Ce16 Se32,48,5,0.10416666666666667,141,I41/amd,True
mp-1087550,Ce12 Se24,36,11,0.3055555555555556,12,C2/m,True
mp-1087552,Ce24 Se48,72,17,0.2361111111111111,59,Pmmn,True
mp-1087553,Ce12 Se24,36,10,0.2777777777777778,30,Pnc2,True
mp-1087554,Ce12 Se24,36,5,0.1388888888888889,166,R-3m,True
mp-1087555,Ce12 Se24,36,3,0.08333333333333333,211,I432,True
mp-1093705,K2 Hg1 Se1,4,3,0.75,71,Immm,True
mp-1093874,Cs2 Hg1 Se1,4,3,0.75,71,Immm,True
mp-1094038,Ta2 S6,8,3,0.375,41,Aea2,True
mp-1094073,S4,4,1,0.25,14,P21/c,True
mp-1094089,Ni1 S2,3,2,0.6666666666666666,139,I4/mmm,True
mp-1094151,Ce12 Se24,36,4,0.1111111111111111,194,P63/mmc,True
mp-1094152,Ce14 Se28,42,18,0.42857142857142855,12,C2/m,True
mp-1094153,Ce12 Se24,36,5,0.1388888888888889,163,P-31c,True
mp-1095455,Co1 C1 S1 N6 Cl2,11,7,0.6363636363636364,107,I4mm,True
mp-1095937,Rb2 Hg1 Se1,4,3,0.75,71,Immm,True
mp-1096184,Rb2 Hg1 Te1,4,3,0.75,71,Immm,True
mp-1096385,Na2 Hg1 Te1,4,3,0.75,71,Immm,True
mp-1096431,Ce16 Se32,48,24,0.5,2,P-1,True
mp-1096791,Ce32 Se64,96,25,0.2604166666666667,11,P21/m,True
mp-1096808,Ba2 Fe2 S2,6,3,0.5,129,P4/nmm,True
mp-1096982,H2 C2 S1,5,3,0.6,164,P-3m1,True
mp-1097108,K2 Hg1 Te1,4,3,0.75,71,Immm,True
mp-1097672,Cs2 Hg1 Te1,4,3,0.75,71,Immm,True
mp-1097767,H3 S1,4,3,0.75,8,Cm,True
mp-1098703,Ce4 Se8,12,5,0.4166666666666667,24,I212121,True
mp-1098704,Ce6 Se12,18,3,0.16666666666666666,167,R-3c,True
mp-1098705,Ce4 Se8,12,5,0.4166666666666667,13,P2/c,True
mp-1098707,Ce8 Se16,24,4,0.16666666666666666,120,I-4c2,True
mp-1099574,Ce16 Se32,48,24,0.5,2,P-1,True
mp-1099575,Ce32 Se64,96,17,0.17708333333333334,74,Imma,True
mp-1100189,Ce34 Se68,102,7,0.06862745098039216,203,Fd-3,True
mp-1100266,Ce34 Se68,102,11,0.10784313725490197,191,P6/mmm,True
mp-1100389,Ca2 Sn2 S6,10,6,0.6,5,C2,True
mp-1100419,Hf1 Te1 Ru1,3,3,1.0,216,F-43m,True
mp-1100439,Y1 Se1 Br1,3,3,1.0,216,F-43m,True
mp-1100777,V1 Te1 O3,5,3,0.6,221,Pm-3m,True
mp-1100877,Zn7 Ga22 Te40,69,69,1.0,160,R3m,True
mp-1100951,V1 Fe2 Se4,7,7,1.0,1,P1,True
mp-1100966,V8 Mo16 S32,56,56,1.0,1,P1,True
mp-1101023,Ti2 S2,4,2,0.5,59,Pmmn,True
mp-1101100,Ti3 S4,7,7,1.0,156,P3m1,True
mp-1101800,Mg1 S1 O9,11,5,0.45454545454545453,146,R3,True
mp-1101916,Na2 Fe2 S4 O4,12,4,0.3333333333333333,15,C2/c,True
mp-1101924,Ni1 S1 O9,11,5,0.45454545454545453,146,R3,True
mp-1102385,Cu4 C4 S4,12,3,0.25,84,P42/m,True
mp-1102535,Pt1 C4 S2 I2 O2,11,6,0.5454545454545454,2,P-1,True
mp-1102637,Mg1 Se1 O9,11,5,0.45454545454545453,146,R3,True
mp-1102751,Ni1 C2 S2 N6,11,5,0.45454545454545453,12,C2/m,True
mp-1102988,Cd2 S2 O8,12,6,0.5,12,C2/m,True
mp-1103074,Na4 S6 N2,12,6,0.5,12,C2/m,True
mp-1103188,Zr9 Te3,12,5,0.4166666666666667,166,R-3m,True
mp-1103291,Cu2 S2 N2 O6,12,4,0.3333333333333333,166,R-3m,True
mp-1103551,K4 Se8 N2,14,7,0.5,9,Cc,True
mp-1103616,Cu1 C2 S2 N6,11,5,0.45454545454545453,12,C2/m,True
mp-1103918,Cu2 Se2 N1 O10,15,7,0.4666666666666667,12,C2/m,True
mp-1104405,Na2 S4 O8,14,7,0.5,5,C2,True
mp-1104484,Ni1 S2 O12,15,8,0.5333333333333333,2,P-1,True
mp-1104583,Pt1 S2 N4 O8,15,7,0.4666666666666667,12,C2/m,True
mp-1104712,Hg2 C2 S2 N4 Cl4,14,7,0.5,4,P21,True
mp-1104737,Mg1 Te1 Cl6 O6,14,4,0.2857142857142857,148,R-3,True
mp-1104819,Pb2 C2 S2 Br4 N4,14,7,0.5,4,P21,True
mp-1104828,Pb1 S2 N2 O8,13,5,0.38461538461538464,166,R-3m,True
mp-1105011,W2 S4 N4 O4,14,4,0.2857142857142857,15,C2/c,True
mp-1105049,Te2 Mo12,14,3,0.21428571428571427,64,Cmce,True
mp-1105115,P2 Se6 N4 O2,14,7,0.5,2,P-1,True
mp-1105447,Ba2 Se4 O12,18,9,0.5,2,P-1,True
mp-1105736,Be2 S2 O16,20,4,0.2,140,I4/mcm,True
mp-1105847,Zr2 S2 O14,18,6,0.3333333333333333,15,C2/c,True
mp-1105916,Fe2 S2 O14,18,7,0.3888888888888889,11,P21/m,True
mp-1106035,Ca2 S2 O12,16,5,0.3125,15,C2/c,True
mp-1106055,Rb4 Mo2 S2 O8,16,6,0.375,166,R-3m,True
mp-1106081,Na4 Se2 O10,16,5,0.3125,63,Cmcm,True
mp-1106113,Hf2 S2 O14,18,6,0.3333333333333333,15,C2/c,True
mp-1106319,Cd2 C2 S2 Br4 N6 O2,18,9,0.5,9,Cc,True
mp-1106362,Te1 C4 Se4 N8 Cl2,19,10,0.5263157894736842,2,P-1,True
mp-1106390,C4 S4 N8,16,6,0.375,26,Pmc21,True
mp-11335,Be1 Se1,2,2,1.0,225,Fm-3m,True
mp-1147573,Ga2 Co1 S2 O2,7,4,0.5714285714285714,139,I4/mmm,True
mp-1147584,Na1 Cu1 S1 I1,4,4,1.0,123,P4/mmm,True
mp-1147622,In2 S4,6,2,0.3333333333333333,227,Fd-3m,True
mp-1147643,C2 S2,4,2,0.5,129,P4/nmm,True
mp-1147654,Cd2 Cu1 S2 O2,7,4,0.5714285714285714,139,I4/mmm,True
mp-1147722,Ca2 Cu1 S1 O2,6,4,0.6666666666666666,139,I4/mmm,True
mp-1147755,Ga2 Cu1 S2 O2,7,4,0.5714285714285714,139,I4/mmm,True
mp-1147770,In2 Co1 S2 O2,7,4,0.5714285714285714,139,I4/mmm,True
mp-1172860,Mn8 Te8,16,2,0.125,74,Imma,True
mp-1173117,Ta1 Re1 Se4,6,4,0.6666666666666666,187,P-6m2,True
mp-1173144,Ta4 Os2 Se12,18,7,0.3888888888888889,155,R32,True
mp-1173176,Te6 As12 O24,42,42,1.0,1,P1,True
mp-1173453,S18 N18,36,18,0.5,4,P21,True
mp-1173466,S18 N18,36,36,1.0,1,P1,True
mp-1173520,Nb2 H8 Se4,14,7,0.5,9,Cc,True
mp-1173549,Na1 Ni2 H3 S2 O10,18,15,0.8333333333333334,8,Cm,True
mp-1173599,Rb4 Se2 O8,14,7,0.5,9,Cc,True
mp-1173613,Nb4 Si2 Te8,14,8,0.5714285714285714,2,P-1,True
mp-1173629,Nb22 S24,46,12,0.2608695652173913,15,C2/c,True
mp-1173684,Na6 S6 O9,21,21,1.0,1,P1,True
mp-1173730,Na4 S2 O8,14,14,1.0,1,P1,True
mp-1173866,Na12 S12 O30,54,54,1.0,1,P1,True
mp-1178764,Zn1 C4 S4 N2 O12,23,12,0.5217391304347826,2,P-1,True
mp-1178812,Zn4 S4 O22,30,16,0.5333333333333333,2,P-1,True
mp-1178832,Y4 Ni4 S4 O28,40,40,1.0,1,P1,True
mp-1178936,Te1 O6,7,2,0.2857142857142857,225,Fm-3m,True
mp-1179087,Te2 C4 N8 O16,30,8,0.26666666666666666,15,C2/c,True
mp-1179088,Te2 O6,8,3,0.375,15,C2/c,True
mp-1179109,Te4 C24 I24 N8,60,4,0.06666666666666667,205,Pa-3,True
mp-1179159,Tl2 C8 S8 N2,20,10,0.5,2,P-1,True
mp-1179167,Te1 C4 Se4 N8 Cl2,19,10,0.5263157894736842,2,P-1,True
mp-1179193,Tl2 C8 S8 N2,20,10,0.5,2,P-1,True
mp-1179209,Te2 C4 S4 Br4 N8,22,22,1.0,1,P1,True
mp-1179210,Te2 C4 S4 I4 N8,22,22,1.0,1,P1,True
mp-1179214,Te1 C16 I4 N2,23,5,0.21739130434782608,139,I4/mmm,True
mp-1179238,Zn4 Fe4 S8 O64,80,21,0.2625,14,P21/c,True
mp-1179257,Sr2 P4 S4 O18,28,14,0.5,2,P-1,True
mp-1179287,Te2 I2 N2 O20,26,13,0.5,2,P-1,True
mp-1179291,Te4 P8 C24 N8 Cl8,52,13,0.25,14,P21/c,True
mp-1179294,Te2 C4 S4 N8 Cl4,22,6,0.2727272727272727,15,C2/c,True
mp-1179327,U4 S4 N4 O36,48,12,0.25,14,P21/c,True
mp-1179346,Te2 C8 S8 N16 F8,42,11,0.2619047619047619,15,C2/c,True
mp-1179369,Th4 S8 O64,76,19,0.25,14,P21/c,True
mp-1179389,Te2 C8 S8 N16 Cl4 O4,42,11,0.2619047619047619,14,P21/c,True
mp-1179413,Ta1 S2,3,2,0.6666666666666666,191,P6/mmm,True
mp-1179436,Sr4 Sb16 S28 O24,72,18,0.25,14,P21/c,True
mp-1179442,Sn4 C32 S24 N8,68,23,0.3382352941176471,12,C2/m,True
mp-1179444,Re4 C4 S4 N8 Cl12 O8,40,10,0.25,29,Pca21,True
mp-1179459,Sn5 C8 Se10 N2 O1,26,10,0.38461538461538464,82,I-4,True
mp-1179474,Se8 N4 O24,36,9,0.25,19,P212121,True
mp-1179503,U8 S4 N8 O42,62,62,1.0,1,P1,True
mp-1179513,Tl8 S8 O60,76,14,0.18421052631578946,62,Pnma,True
mp-1179558,Sb1 S4 N3,8,8,1.0,1,P1,True
mp-1179566,Sb1 S4 N3,8,8,1.0,1,P1,True
mp-1179577,Sc4 H20 S6 O34,64,33,0.515625,2,P-1,True
mp-1179606,Sb4 H12 C4 S8 N4,32,16,0.5,2,P-1,True
mp-1179622,S2 N2,4,2,0.5,2,P-1,True
mp-1179624,Sc4 H20 S6 O34,64,33,0.515625,2,P-1,True
mp-1179633,S4 N2 O18,24,12,0.5,2,P-1,True
mp-1179634,S4 I8 N8,20,10,0.5,2,P-1,True
mp-1179646,Sn1 Mo6 S8,15,8,0.5333333333333333,2,P-1,True
mp-1179666,Sn2 C4 S4 N4,14,7,0.5,2,P-1,True
mp-1179684,Rb1 S1,2,2,1.0,12,C2/m,True
mp-1179707,Sr1 Mo6 S8,15,8,0.5333333333333333,2,P-1,True
mp-1179718,Rb2 Sb6 S10 O2,20,10,0.5,2,P-1,True
mp-1179730,S8 N12 O32,52,28,0.5384615384615384,3,P2,True
mp-1179741,Rb8 S8 O32,48,12,0.25,14,P21/c,True
mp-1179746,Ru8 C40 S20 Cl16 O20,104,26,0.25,14,P21/c,True
mp-1179756,Rb2 Sb6 S10 O2,20,10,0.5,2,P-1,True
mp-1179885,Na2 Fe2 S4 O4,12,4,0.3333333333333333,15,C2/c,True
mp-1179891,Na2 Fe2 S4 O4,12,4,0.3333333333333333,15,C2/c,True
mp-1179932,Na1 Cr1 Se2,4,3,0.75,191,P6/mmm,True
mp-1179965,Pd4 S4 N12 O12,32,8,0.25,14,P21/c,True
mp-1179978,Pb2 C2 S2 Br4 N4,14,7,0.5,4,P21,True
mp-1179989,Pd2 C8 S8 I4 N16,38,10,0.2631578947368421,15,C2/c,True
mp-1180029,Pb1 C6 S6 N12 Cl2 O8,35,18,0.5142857142857142,2,P-1,True
mp-1180062,Ni4 S4 O44,52,13,0.25,19,P212121,True
mp-1180106,Na1 S1,2,2,1.0,12,C2/m,True
mp-1180125,Ni1 S1 O9,11,11,1.0,1,P1,True
mp-1180145,Ni1 H12 S1 O9,23,23,1.0,1,P1,True
mp-1180173,Na2 Ag2 S2 O10,16,8,0.5,2,P-1,True
mp-1180178,Ni2 S4 N4 O28,38,10,0.2631578947368421,14,P21/c,True
mp-1180184,Ni1 S2 O12,15,8,0.5333333333333333,2,P-1,True
mp-1180280,Mo3 C8 S13 N2,26,26,1.0,1,P1,True
mp-1180288,Na4 Hg6 S8 O4,22,5,0.22727272727272727,72,Ibam,True
mp-1180298,Na12 H24 S12 N12 O36,96,24,0.25,19,P212121,True
mp-1180310,Na4 S2 O10,16,5,0.3125,63,Cmcm,True
mp-1180353,Mg2 Os1 S6,9,3,0.3333333333333333,225,Fm-3m,True
mp-1180390,Mg4 Te4 I24 O24,56,56,1.0,1,P1,True
mp-1180405,Mg1 S1 O9,11,11,1.0,1,P1,True
mp-1180426,Na4 Ge2 S6 O14,26,13,0.5,2,P-1,True
mp-1180435,Na8 S4 O36,48,8,0.16666666666666666,95,P4322,True
mp-1180445,Na4 Te2 O10,16,5,0.3125,63,Cmcm,True
mp-1180450,Li4 V4 Te4 O20,32,8,0.25,19,P212121,True
mp-1180454,Na4 Te2 P2 O22,30,15,0.5,4,P21,True
mp-1180460,Mo3 C8 Se13 N2,26,16,0.6153846153846154,8,Cm,True
mp-1180472,Na2 Ni1 H4 Se2 O10,19,10,0.5263157894736842,2,P-1,True
mp-1180514,Li1 Ti1 S2 O2,6,4,0.6666666666666666,12,C2/m,True
mp-1180517,Mg1 S1 O9,11,11,1.0,1,P1,True
mp-1180545,Na4 Al4 S8 O80,96,7,0.07291666666666667,205,Pa-3,True
mp-1180556,Na8 P8 S8 O28,52,26,0.5,2,P-1,True
mp-1180598,Mg4 Te4 Br24 O24,56,56,1.0,1,P1,True
mp-1180605,Na2 Al2 S4 O38,46,13,0.2826086956521739,15,C2/c,True
mp-1180620,Na4 Se4 N4 O24,36,18,0.5,2,P-1,True
mp-1180648,K1 S1,2,2,1.0,12,C2/m,True
mp-1180684,Na4 H32 Se4 N4 O24,68,17,0.25,18,P21212,True
mp-1180732,Na12 As4 S16 O32,64,17,0.265625,14,P21/c,True
mp-1180833,La4 S6 O42,52,8,0.15384615384615385,176,P63/m,True
mp-1180952,K1 Fe3 H6 S2 O14,26,7,0.2692307692307692,166,R-3m,True
mp-1180975,Mg2 C8 S8 N4 O32 F24,78,20,0.2564102564102564,14,P21/c,True
mp-1180986,K4 Zn2 H24 S4 O28,62,16,0.25806451612903225,14,P21/c,True
mp-1181018,Na1 Al12 Ga1 S4 O66,84,12,0.14285714285714285,216,F-43m,True
mp-1181082,Hg4 S4 N4 Cl4,16,4,0.25,62,Pnma,True
mp-1181164,Mo6 S8,14,7,0.5,2,P-1,True
mp-1181191,K4 Al4 S8 O80,96,7,0.07291666666666667,205,Pa-3,True
mp-1181242,Np8 S4 O40,52,13,0.25,13,P2/c,True
mp-1181264,Ge1 Te1,2,2,1.0,8,Cm,True
mp-1181299,Mg2 U2 S4 O42,50,14,0.28,15,C2/c,True
mp-1181321,Ir2 S4 N10 Cl8 O12,36,10,0.2777777777777778,14,P21/c,True
mp-1181350,K4 Co2 C8 S8 N8 O6,36,20,0.5555555555555556,3,P2,True
mp-1181427,Fe2 Ag2 As2 S8 N12,26,6,0.23076923076923078,118,P-4n2,True
mp-1181467,Fe1 S6 N9 O18,34,18,0.5294117647058824,2,P-1,True
mp-1181516,Cu2 Te2,4,2,0.5,59,Pmmn,True
mp-1181523,Gd2 S3 O12,17,17,1.0,1,P1,True
mp-1181569,H20 C8 S8 N12,48,24,0.5,4,P21,True
mp-1181610,K8 Mo4 Se8 O44,64,16,0.25,14,P21/c,True
mp-1181631,Fe4 S4 O32,40,10,0.25,14,P21/c,True
mp-1181651,Fe2 C8 S4 N6 O10,30,15,0.5,2,P-1,True
mp-1181666,Fe2 S2 O14,18,7,0.3888888888888889,11,P21/m,True
mp-1181717,Co2 Te2 Mo2,6,3,0.5,129,P4/nmm,True
mp-1181718,Fe4 S4 O32,40,10,0.25,14,P21/c,True
mp-1181726,K4 Co2 C8 S8 N8 O6,36,10,0.2777777777777778,18,P21212,True
mp-1181731,H16 C4 S4 I4 N8,36,10,0.2777777777777778,15,C2/c,True
mp-1181732,Mo6 Se8,14,7,0.5,2,P-1,True
mp-1181788,Fe4 S4 O32,40,20,0.5,2,P-1,True
mp-1181880,Fe6 S6 O60,72,12,0.16666666666666666,148,R-3,True
mp-1181887,K12 Mo16 C4 S4 N4 O64,104,26,0.25,14,P21/c,True
mp-1181921,Ca2 S2 O12,16,6,0.375,12,C2/m,True
mp-1181934,Mg2 H32 C8 S8 N4 O32 F24,110,28,0.2545454545454545,14,P21/c,True
mp-1181950,Cd4 Se6 N4 O30,44,13,0.29545454545454547,11,P21/m,True
mp-1182041,Fe4 S4 Cl4 O40,52,13,0.25,14,P21/c,True
mp-1182096,K7 Na1 Te4 O32,44,13,0.29545454545454547,71,Immm,True
mp-1182147,C4 S4 N8,16,4,0.25,14,P21/c,True
mp-1182214,Cd2 C4 S4 N16 Cl4,30,8,0.26666666666666666,14,P21/c,True
mp-1182270,Cs4 Hg2 C4 S2 I8 O2,22,11,0.5,2,P-1,True
mp-1182371,Ba2 P4 S4 O18,28,14,0.5,2,P-1,True
mp-1182383,Ba2 Se4 O12,18,9,0.5,2,P-1,True
mp-1182432,Cd4 C8 S8 I8 N16,44,11,0.25,14,P21/c,True
mp-1182450,Ba2 S4 O16,22,6,0.2727272727272727,15,C2/c,True
mp-1182473,Bi4 Te4 I4 O12,24,10,0.4166666666666667,129,P4/nmm,True
mp-1182525,C8 S16 N16 O8,48,12,0.25,14,P21/c,True
mp-1182562,Bi2 Pd3 S2,7,5,0.7142857142857143,12,C2/m,True
mp-1182563,Ce4 S6 O36,46,12,0.2608695652173913,15,C2/c,True
mp-1182568,As4 S16 N12,32,12,0.375,11,P21/m,True
mp-1182583,Bi2 Se3,5,3,0.6,12,C2/m,True
mp-1182586,Ba4 Te4 S16 O36,60,15,0.25,14,P21/c,True
mp-1182611,Mo6 Pb1 Se8,15,8,0.5333333333333333,2,P-1,True
mp-1182615,Ca6 Mn2 S4 O34,46,15,0.32608695652173914,40,Ama2,True
mp-1182623,Mg1 Fe4 S6 O46,57,29,0.5087719298245614,2,P-1,True
mp-1182644,Np4 Co4 S8 N24 O48,88,18,0.20454545454545456,62,Pnma,True
mp-1182686,Fe6 S6 O60,72,12,0.16666666666666666,148,R-3,True
mp-1182688,Cs4 Ti4 H96 S8 O80,192,11,0.057291666666666664,205,Pa-3,True
mp-1182733,Mg2 H32 C8 S8 N4 O32 F24,110,28,0.2545454545454545,14,P21/c,True
mp-1182754,Ca1 Mo6 S8,15,8,0.5333333333333333,2,P-1,True
mp-1182770,Na12 As4 S4 O60,80,20,0.25,19,P212121,True
mp-1182783,Bi2 Te3,5,3,0.6,12,C2/m,True
mp-1182804,La4 H8 S4 N4 O28,48,12,0.25,76,P41,True
mp-1182810,Cd4 Se8 O36,48,12,0.25,14,P21/c,True
mp-1182814,Ga1 Mo4 Se8,13,10,0.7692307692307693,8,Cm,True
mp-1182830,K4 Ca4 Co4 C24 S24 O40,100,25,0.25,19,P212121,True
mp-1182848,Ba12 As8 S32 O28,80,20,0.25,14,P21/c,True
mp-1182916,Al4 Se4 O40,48,12,0.25,14,P21/c,True
mp-1182920,Al4 S8 N4 O80,96,7,0.07291666666666667,205,Pa-3,True
mp-1182998,Ag12 S4 N12 O12,40,8,0.2,57,Pbcm,True
mp-1183000,Ag1 C8 S4 N4 Cl1,18,6,0.3333333333333333,82,I-4,True
mp-1183001,Al4 Se6 O24,34,17,0.5,9,Cc,True
mp-1183002,Ag1 Bi1 Se2,4,3,0.75,12,C2/m,True
mp-1183010,Ag1 C8 S4 N4 Cl1,18,6,0.3333333333333333,82,I-4,True
mp-1183030,Ag2 S16 N18 Cl4 O24,64,11,0.171875,122,I-42d,True
mp-1183035,Al1 Mo4 S8,13,10,0.7692307692307693,8,Cm,True
mp-1183194,B1 Te1 O3,5,3,0.6,221,Pm-3m,True
mp-1183300,Ba3 Se1,4,2,0.5,221,Pm-3m,True
mp-1183434,Be6 S2,8,2,0.25,194,P63/mmc,True
mp-1184220,Ga1 Te1 O3,5,3,0.6,221,Pm-3m,True
mp-1184547,Hf3 Se1,4,2,0.5,221,Pm-3m,True
mp-1184641,Ge1 Te1 O3,5,3,0.6,221,Pm-3m,True
mp-1184749,Ir2 Se2,4,2,0.5,186,P63mc,True
mp-1184783,Ir3 Se1,4,3,0.75,139,I4/mmm,True
mp-1186027,Mo1 Se1,2,2,1.0,187,P-6m2,True
mp-1187062,Th6 Se2,8,2,0.25,194,P63/mmc,True
mp-1187074,Th3 S1,4,2,0.5,221,Pm-3m,True
mp-1187302,Tb3 S1,4,2,0.5,221,Pm-3m,True
mp-1187303,Tb3 Se1,4,2,0.5,221,Pm-3m,True
mp-1187377,Tb1 Te1 O3,5,3,0.6,221,Pm-3m,True
mp-1187392,Tc3 Te1,4,3,0.75,225,Fm-3m,True
mp-1187407,Te2 S6,8,2,0.25,194,P63/mmc,True
mp-1187488,Ti1 Te1 O3,5,3,0.6,221,Pm-3m,True
mp-1188005,Zr3 S1,4,2,0.5,221,Pm-3m,True
mp-1188087,Pt2 S2 N8 O8,20,4,0.2,141,I41/amd,True
mp-1188245,Nb2 S4 Cl9 O5,20,7,0.35,71,Immm,True
mp-1188270,Gd2 S3 O12,17,17,1.0,1,P1,True
mp-1188897,Be2 S2 O16,20,4,0.2,120,I-4c2,True
mp-1189291,Sr2 S4 O12,18,9,0.5,2,P-1,True
mp-1189292,Tl2 C8 S8 N2,20,10,0.5,2,P-1,True
mp-1189635,Zn3 Sn3 Se9 N1 O4,20,20,1.0,1,P1,True
mp-1189652,C4 S4 N8,16,4,0.25,14,P21/c,True
mp-1189676,Mn1 C2 S2 N2 O12,19,10,0.5263157894736842,2,P-1,True
mp-1189737,Hg4 S2 N2 Cl6 O6,20,9,0.45,36,Cmc21,True
mp-1189777,Cu1 C8 S4 N4 Cl1,18,6,0.3333333333333333,82,I-4,True
mp-119,Se1,1,1,1.0,229,Im-3m,True
mp-1190448,Na4 S2 O10,16,5,0.3125,63,Cmcm,True
mp-1190485,Ca2 S2 O12,16,6,0.375,12,C2/m,True
mp-1190520,Cd1 Ge4 C8 S10 N2,25,9,0.36,82,I-4,True
mp-1190795,Cr2 S2 O18,22,12,0.5454545454545454,2,P-1,True
mp-1190823,Pb4 S8 N12,24,6,0.25,14,P21/c,True
mp-1190896,Te2 C4 S4 Br4 N8,22,6,0.2727272727272727,15,C2/c,True
mp-1191103,Te2 C4 Se4 Br4 N8,22,11,0.5,2,P-1,True
mp-1191171,C4 S4 N8 O8,24,4,0.16666666666666666,62,Pnma,True
mp-1191290,Hg4 S2 N4 Cl8 O6,24,11,0.4583333333333333,11,P21/m,True
mp-1191291,Hg4 S2 Br8 N4 O6,24,11,0.4583333333333333,11,P21/m,True
mp-1191304,Nd2 S4 N2 O17,25,25,1.0,1,P1,True
mp-1191376,Te2 C4 S4 N8 Cl4,22,6,0.2727272727272727,15,C2/c,True
mp-1191504,Fe2 S4 N2 O16,24,8,0.3333333333333333,173,P63,True
mp-1191983,Mg4 S4 O16,24,6,0.25,14,P21/c,True
mp-1191992,Bi2 C8 S4 Cl6 O4,24,12,0.5,5,C2,True
mp-1192108,S4 N6 O12,22,6,0.2727272727272727,15,C2/c,True
mp-1192128,Te2 C4 S4 I4 N8,22,6,0.2727272727272727,15,C2/c,True
mp-1192156,Cu1 C4 S4 N2 O12,23,12,0.5217391304347826,2,P-1,True
mp-1192195,Cd1 Ge4 C8 S10 N2,25,9,0.36,82,I-4,True
mp-1192371,Te1 P2 N4 O14,21,11,0.5238095238095238,2,P-1,True
mp-1192430,Te2 C4 Se4 N8 Cl4,22,11,0.5,2,P-1,True
mp-1192523,Ag4 S2 N8 O8,22,4,0.18181818181818182,114,P-421c,True
mp-1192535,Hg4 S4 N4 Cl4 O12,28,6,0.21428571428571427,62,Pnma,True
mp-1192608,Cd1 C12 S4 N6,23,12,0.5217391304347826,2,P-1,True
mp-1192716,Pb2 C4 S4 Br4 N8,22,11,0.5,4,P21,True
mp-1192948,Li4 S4 N4 O16,28,7,0.25,33,Pna21,True
mp-1192951,Re2 S4 N2 O18,26,13,0.5,2,P-1,True
mp-1192972,Pb2 C6 S4 N2 O8 F4,26,13,0.5,2,P-1,True
mp-1192990,C8 Se4 N4 Cl4 O8,28,7,0.25,14,P21/c,True
mp-1193000,Ni1 C4 S4 N2 O12,23,12,0.5217391304347826,2,P-1,True
mp-1193014,Mo3 C8 S13 N2,26,26,1.0,1,P1,True
mp-1193023,Fe2 C8 S4 N6 O10,30,15,0.5,2,P-1,True
mp-1193033,Na4 Ge2 S6 O14,26,13,0.5,2,P-1,True
mp-1193070,Cu2 S4 N8 O12,26,7,0.2692307692307692,14,P21/c,True
mp-1193220,Hg2 C12 S8 N4,26,7,0.2692307692307692,15,C2/c,True
mp-1193297,Li2 S4 N6 O16,28,14,0.5,4,P21,True
mp-1193342,Ba2 Re6 S8 O14,30,15,0.5,2,P-1,True
mp-1193353,Te4 W2 N4 O16,26,13,0.5,4,P21,True
mp-1193380,K8 Sn2 S8 O8,26,13,0.5,2,P-1,True
mp-1193396,Sn4 C4 S4 N8 Cl8,28,7,0.25,14,P21/c,True
mp-1193461,Cd2 C8 S4 N8 O8,30,8,0.26666666666666666,18,P21212,True
mp-1193465,U2 C6 S2 N4 O16,30,10,0.3333333333333333,15,C2/c,True
mp-1193504,Li4 H7 Rh1 S3 O13,28,12,0.42857142857142855,146,R3,True
mp-1193526,Na4 Sn2 S6 O14,26,13,0.5,2,P-1,True
mp-1193559,Rb4 S4 N4 O16,28,6,0.21428571428571427,62,Pnma,True
mp-1193587,Te4 W2 N4 O16,26,13,0.5,4,P21,True
mp-1193611,Ba4 Te4 S12 O8,28,5,0.17857142857142858,57,Pbcm,True
mp-1193752,Cu4 Te4 O20,28,7,0.25,19,P212121,True
mp-1193765,Fe2 S8 Br8 N10,28,14,0.5,9,Cc,True
mp-1193783,Cu4 Te4 O20,28,7,0.25,19,P212121,True
mp-1193844,Zn2 Se4 O20,26,8,0.3076923076923077,15,C2/c,True
mp-1193924,Zn4 S4 O20,28,15,0.5357142857142857,2,P-1,True
mp-1194018,Ti2 S10 Cl4 O12,28,14,0.5,2,P-1,True
mp-1194055,Te2 C4 N8 O16,30,8,0.26666666666666666,15,C2/c,True
mp-1194196,Te2 I2 N2 O20,26,13,0.5,2,P-1,True
mp-1194200,Zn4 S4 O22,30,16,0.5333333333333333,2,P-1,True
mp-1194292,Li4 S4 N4 O16,28,14,0.5,4,P21,True
mp-1194417,Zr2 S4 O24,30,5,0.16666666666666666,70,Fddd,True
mp-1194419,Ba2 S10 O16,28,14,0.5,2,P-1,True
mp-1194493,Pt2 S4 N2 O18,26,13,0.5,2,P-1,True
mp-1194506,Ca2 Re6 Se8 O12,28,14,0.5,2,P-1,True
mp-1194515,U2 Cu1 S2 O22,27,14,0.5185185185185185,2,P-1,True
mp-1194526,Mg8 S12 N8 O48,76,9,0.11842105263157894,198,P213,True
mp-1194556,Fe2 Ag2 Sb2 S8 N12,26,6,0.23076923076923078,118,P-4n2,True
mp-1194628,Ba2 Re6 Se8 O14,30,15,0.5,2,P-1,True
mp-1194671,Li8 Se4 O28,40,6,0.15,52,Pnna,True
mp-1195190,Ba16 Fe12 Se24 F16,68,11,0.16176470588235295,62,Pnma,True
mp-1195426,Ca6 Mn2 C2 S2 O50,62,13,0.20967741935483872,173,P63,True
mp-1195704,Ca2 H4 S4 N4 O18,32,12,0.375,11,P21/m,True
mp-1195856,Fe4 S4 O32,40,10,0.25,14,P21/c,True
mp-1195987,Te8 N10 F42,60,9,0.15,114,P-421c,True
mp-1196084,Na4 B24 S16 Br24 O32,100,25,0.25,14,P21/c,True
mp-1196127,Zr2 S4 O26,32,16,0.5,2,P-1,True
mp-1196142,Te8 N4 O24,36,7,0.19444444444444445,62,Pnma,True
mp-1196210,Na4 Ag4 S8 O16,32,16,0.5,7,Pc,True
mp-1196211,Ni8 S32 N32,72,18,0.25,14,P21/c,True
mp-1196265,S6 O36,42,11,0.2619047619047619,15,C2/c,True
mp-1196285,S12 N24 O24,60,15,0.25,14,P21/c,True
mp-1196296,Fe8 As4 S4 O56,72,18,0.25,14,P21/c,True
mp-1196384,K4 Al4 S8 O80,96,7,0.07291666666666667,205,Pa-3,True
mp-1196443,V4 S4 O40,48,12,0.25,14,P21/c,True
mp-1196468,Pr4 S6 O40,50,13,0.26,15,C2/c,True
mp-1196489,Te8 Br48 N16,72,4,0.05555555555555555,228,Fd-3c,True
mp-1196601,K4 Co2 C8 S8 N8 O6,36,10,0.2777777777777778,18,P21212,True
mp-1196606,Co6 Te2 Mo12 O84,104,10,0.09615384615384616,167,R-3c,True
mp-1196628,Ca6 Si2 C2 S2 O48,60,30,0.5,4,P21,True
mp-1196630,Fe2 Cu16 Sb6 S26 N12,62,6,0.0967741935483871,226,Fm-3c,True
mp-1196631,Na8 S4 O36,48,8,0.16666666666666666,95,P4322,True
mp-1196643,Li8 C16 S16 N8 O40 F48,136,70,0.5147058823529411,2,P-1,True
mp-1196653,Ga16 Sb4 S36 N12 O8,76,9,0.11842105263157894,198,P213,True
mp-1196719,Cu2 S4 N4 O28,38,10,0.2631578947368421,14,P21/c,True
mp-1196750,Pr4 Se8 N4 O52,68,10,0.14705882352941177,56,Pccn,True
mp-1196751,Te2 C8 S8 N16 Cl4 O4,42,11,0.2619047619047619,14,P21/c,True
mp-1196776,U8 S4 N8 O40,60,9,0.15,64,Cmce,True
mp-1196841,Na2 Al2 S4 O38,46,13,0.2826086956521739,15,C2/c,True
mp-1196842,Ca6 Si2 S4 O50,62,31,0.5,4,P21,True
mp-1196906,Co4 S8 N20 Cl4 O16,52,10,0.19230769230769232,62,Pnma,True
mp-1196966,Li2 B12 S8 Cl12 O16,50,25,0.5,2,P-1,True
mp-1197039,K4 P8 Pt2 C2 S2 N2 O22,42,21,0.5,2,P-1,True
mp-1197109,Fe4 S4 O44,52,14,0.2692307692307692,14,P21/c,True
mp-1197127,Pt4 C8 S8 N16,36,9,0.25,14,P21/c,True
mp-1197146,Ni4 S4 O40,48,7,0.14583333333333334,96,P43212,True
mp-1197182,U2 S4 O34,40,12,0.3,11,P21/m,True
mp-1197218,Cu4 C8 S8 N16,36,9,0.25,62,Pnma,True
mp-1197221,Er4 S6 O40,50,13,0.26,15,C2/c,True
mp-1197248,Na2 B48 S12 Br48 O24,134,12,0.08955223880597014,163,P-31c,True
mp-1197364,Bi4 S4 O24,32,8,0.25,14,P21/c,True
mp-1197376,Sr2 Re6 S8 O22,38,19,0.5,2,P-1,True
mp-1197402,Fe8 Te8 O40,56,14,0.25,14,P21/c,True
mp-1197439,K12 S12 N4 O44,72,15,0.20833333333333334,62,Pnma,True
mp-1197447,Sr4 C16 S16 O16,52,8,0.15384615384615385,62,Pnma,True
mp-1197465,U2 C8 S4 N4 O20,38,10,0.2631578947368421,15,C2/c,True
mp-1197531,Cd4 Se6 N4 O30,44,13,0.29545454545454547,11,P21/m,True
mp-1197551,Te8 N8 Cl2 O2 F40,60,9,0.15,114,P-421c,True
mp-1197587,Sr2 Re6 Se8 O22,38,19,0.5,2,P-1,True
mp-1197630,Nd2 S6 N6 O24,38,7,0.18421052631578946,155,R32,True
mp-1197693,Y4 Se8 N4 O44,60,15,0.25,19,P212121,True
mp-1197733,Mg4 S8 O36,48,8,0.16666666666666666,62,Pnma,True
mp-1197796,K4 Ca4 Co4 C24 S24 O40,100,25,0.25,19,P212121,True
mp-1197802,Se8 S32 N16 O60,116,15,0.12931034482758622,60,Pbcn,True
mp-1197869,Fe4 S4 O32,40,20,0.5,2,P-1,True
mp-1197906,Pr4 S6 O40,50,13,0.26,15,C2/c,True
mp-1198004,Li8 S8 N8 O32,56,14,0.25,14,P21/c,True
mp-1198267,Pr4 S6 O40,50,25,0.5,9,Cc,True
mp-1198268,H8 S8 N8 O32,56,14,0.25,14,P21/c,True
mp-1198307,Bi4 Se4 O24,32,8,0.25,14,P21/c,True
mp-1198353,Li4 C6 S2 N12 O14,38,11,0.2894736842105263,15,C2/c,True
mp-1198367,Sn4 C32 S24 N8,68,23,0.3382352941176471,12,C2/m,True
mp-1198398,Co4 S4 O40,48,13,0.2708333333333333,15,C2/c,True
mp-1198416,Na2 Fe2 S4 O28,36,10,0.2777777777777778,15,C2/c,True
mp-1198427,Ru4 S4 N16 Cl8 O8,40,8,0.2,62,Pnma,True
mp-1198435,K7 Na1 Te4 O32,44,13,0.29545454545454547,71,Immm,True
mp-1198442,Cu8 P4 C8 S4 O52,76,19,0.25,14,P21/c,True
mp-1198522,K4 Mg2 Se4 O28,38,10,0.2631578947368421,14,P21/c,True
mp-1198531,U2 C8 S2 N2 Cl2 O16,32,16,0.5,4,P21,True
mp-1198614,La2 Te1 Mo6 O44,53,27,0.5094339622641509,2,P-1,True
mp-1198665,Pb4 C8 S8 N16 Cl8,44,11,0.25,33,Pna21,True
mp-1198811,Ca4 Hg4 C16 S16 N16 O12,68,17,0.25,14,P21/c,True
mp-1198846,Te4 H12 N4 O8 F8,36,9,0.25,14,P21/c,True
mp-1198861,Sm2 Te1 Mo6 O44,53,27,0.5094339622641509,2,P-1,True
mp-1198870,Cd8 H32 C8 S16 N16 O48,128,16,0.125,61,Pbca,True
mp-1198947,Fe4 Hg8 C24 S8 N8 O16,68,9,0.1323529411764706,88,I41/a,True
mp-1199028,K8 Te4 O24,36,7,0.19444444444444445,62,Pnma,True
mp-1199075,H24 C8 S8 O24,64,16,0.25,14,P21/c,True
mp-1199126,Ca6 Mn2 S4 O34,46,15,0.32608695652173914,40,Ama2,True
mp-1199130,Se8 N4 O24,36,9,0.25,19,P212121,True
mp-1199189,S2 N16 O26,44,22,0.5,4,P21,True
mp-1199224,Na4 Al4 S8 O56,72,18,0.25,14,P21/c,True
mp-1199229,S4 N24 O40,68,17,0.25,14,P21/c,True
mp-1199373,Ag8 H64 C24 S16 Cl8 O32,152,38,0.25,14,P21/c,True
mp-1199379,Ba4 Na4 P4 S4 O48,64,8,0.125,198,P213,True
mp-1199483,Na4 Re4 S8 O48,64,16,0.25,14,P21/c,True
mp-1199610,Co4 S8 N20 O36,68,17,0.25,19,P212121,True
mp-1199658,As4 S16 N12,32,6,0.1875,62,Pnma,True
mp-1199674,Pt4 C16 S8 Br8 O8,44,22,0.5,2,P-1,True
mp-1199693,Al16 S4 O72,92,46,0.5,4,P21,True
mp-1199695,Fe6 S6 O60,72,12,0.16666666666666666,148,R-3,True
mp-1199707,K8 Mo4 S8 Br2 O40,62,8,0.12903225806451613,128,P4/mnc,True
mp-1199733,Ir4 C4 S4 N24 Cl8 O32,76,19,0.25,14,P21/c,True
mp-1199748,Te2 Mo12 N8 O48,70,18,0.2571428571428571,15,C2/c,True
mp-1199775,Mg4 Te4 Br24 O24,56,4,0.07142857142857142,205,Pa-3,True
mp-1199815,Sb8 S8 N16 O32 F24,88,11,0.125,61,Pbca,True
mp-1199821,P8 C8 S8 N24 O16,64,16,0.25,14,P21/c,True
mp-1199995,Cd4 C8 S8 I8 N16,44,11,0.25,14,P21/c,True
mp-1200031,Zn4 Fe4 S8 O64,80,21,0.2625,14,P21/c,True
mp-1200048,Bi4 C12 S12 N36 O36,100,25,0.25,14,P21/c,True
mp-1200056,Sm4 Se6 O40,50,13,0.26,15,C2/c,True
mp-1200143,Pd4 S16 N16,36,9,0.25,14,P21/c,True
mp-1200277,Cs4 Mg2 Se4 O28,38,10,0.2631578947368421,14,P21/c,True
mp-1200310,Hg4 S8 N8 O24,44,11,0.25,19,P212121,True
mp-1200369,Zn4 S4 O40,48,13,0.2708333333333333,15,C2/c,True
mp-1200454,K4 Re6 Se8 O14,32,16,0.5,2,P-1,True
mp-1200783,K4 B24 S16 Cl24 O32,100,25,0.25,14,P21/c,True
mp-1200893,Hg8 S8 N24,40,5,0.125,61,Pbca,True
mp-1200918,Hg4 S8 I8 N16,36,5,0.1388888888888889,137,P42/nmc,True
mp-1200945,Ni4 Se4 O40,48,7,0.14583333333333334,92,P41212,True
mp-1201009,S8 N8 O32,48,24,0.5,7,Pc,True
mp-1201021,Fe6 C18 Se2 S2 O18,46,23,0.5,2,P-1,True
mp-1201087,Ag2 W2 C18 S8 N6,36,18,0.5,4,P21,True
mp-1201116,Te8 O48,56,2,0.03571428571428571,228,Fd-3c,True
mp-1201123,Rb8 B48 S16 Cl48 O32,152,38,0.25,33,Pna21,True
mp-1201229,Si4 H8 C4 S4 O12 F12,44,11,0.25,14,P21/c,True
mp-1201251,Mg2 U2 S4 O42,50,14,0.28,15,C2/c,True
mp-1201286,La4 Se6 O48,58,16,0.27586206896551724,15,C2/c,True
mp-1201297,Cd2 S4 N4 O28,38,10,0.2631578947368421,14,P21/c,True
mp-1201359,Mg1 Fe4 S6 O46,57,29,0.5087719298245614,2,P-1,True
mp-1201423,Ba8 Sn4 Se16 O20,48,9,0.1875,62,Pnma,True
mp-1201489,K4 Mn2 S4 O24,34,11,0.3235294117647059,12,C2/m,True
mp-1201562,Ni4 C56 S8 N8 O12,88,22,0.25,14,P21/c,True
mp-1201595,Fe4 S6 O46,56,28,0.5,2,P-1,True
mp-1201814,B40 Te4 H18 C8,70,35,0.5,7,Pc,True
mp-1201840,Ce4 S8 O48,60,9,0.15,62,Pnma,True
mp-1201891,Cu2 S4 N4 O28,38,10,0.2631578947368421,14,P21/c,True
mp-1201990,Re6 Se8 O18,32,5,0.15625,166,R-3m,True
mp-1202001,Te4 P8 C24 N8 Cl8,52,13,0.25,14,P21/c,True
mp-1202068,Pd2 C8 S8 I4 N16,38,10,0.2631578947368421,15,C2/c,True
mp-1202298,K8 Mo4 S8 Cl2 O40,62,8,0.12903225806451613,128,P4/mnc,True
mp-1202363,V12 S8 N4 O48,72,36,0.5,4,P21,True
mp-1202467,Ba4 Se4 S16 O32,56,9,0.16071428571428573,62,Pnma,True
mp-1202600,Zn10 Ag8 Sn6 Se26 N12,62,7,0.11290322580645161,219,F-43c,True
mp-1202649,H12 Se8 N4 O24,48,12,0.25,19,P212121,True
mp-1202739,H24 C8 S4 Br8 N8,52,7,0.1346153846153846,92,P41212,True
mp-1202777,Ni4 S4 O40,48,7,0.14583333333333334,92,P41212,True
mp-1202862,Co4 S12 N12 O8,36,9,0.25,14,P21/c,True
mp-1202912,Ni4 S4 O40,48,13,0.2708333333333333,15,C2/c,True
mp-1202917,Cs4 Pr4 S8 O48,64,16,0.25,14,P21/c,True
mp-1203070,Na4 Cu3 S8 N5 O12,32,9,0.28125,87,I4/m,True
mp-1203101,Na2 B12 H16 S6 O14,50,25,0.5,2,P-1,True
mp-1203305,V4 Se4 O26,34,9,0.2647058823529412,15,C2/c,True
mp-1203332,Ba4 S20 O32,56,9,0.16071428571428573,62,Pnma,True
mp-1203341,V4 S16 N12,32,6,0.1875,62,Pnma,True
mp-1203360,Sm4 S8 N4 O48,64,16,0.25,14,P21/c,True
mp-1203409,U4 C8 S4 N16 O32,64,16,0.25,14,P21/c,True
mp-1203577,U4 C8 Se8 N8 O44,72,18,0.25,14,P21/c,True
mp-1203601,U4 Se8 N4 O32,48,12,0.25,14,P21/c,True
mp-1203667,Ce4 S6 O36,46,12,0.2608695652173913,15,C2/c,True
mp-1203850,Ca6 Al4 S2 O32,44,12,0.2727272727272727,15,C2/c,True
mp-1203877,Zr4 S4 O36,44,11,0.25,14,P21/c,True
mp-1203934,Re6 S8 O18,32,6,0.1875,148,R-3,True
mp-1203985,Mg4 U4 Se8 O60,76,19,0.25,14,P21/c,True
mp-1203994,Te4 Se4 N8 O40,56,15,0.26785714285714285,14,P21/c,True
mp-1204034,Sb8 C16 S8 Cl24 O8,64,16,0.25,14,P21/c,True
mp-1204129,C20 S8 N8 O8,44,11,0.25,14,P21/c,True
mp-1204154,K4 Co2 C8 S8 N8 O6,36,10,0.2777777777777778,18,P21212,True
mp-1204157,Ag6 S6 N6 O18,36,6,0.16666666666666666,159,P31c,True
mp-1204172,Pd4 S4 N12 O12,32,8,0.25,14,P21/c,True
mp-1204180,Mg2 Re6 S8 O22,38,19,0.5,2,P-1,True
mp-1204181,Ag2 S16 N18 Cl4 O24,64,11,0.171875,122,I-42d,True
mp-1204198,Lu8 S12 O60,80,27,0.3375,36,Cmc21,True
mp-1204277,Ho2 Te1 Mo6 O46,55,28,0.509090909090909,2,P-1,True
mp-1204346,Fe4 S4 O34,42,21,0.5,2,P-1,True
mp-1204384,Ag4 H40 S32 N32 Cl4 O24,136,34,0.25,14,P21/c,True
mp-1204424,Na12 As4 S16 O32,64,17,0.265625,14,P21/c,True
mp-1204453,Hg4 As4 C16 Se12 N4,40,10,0.25,14,P21/c,True
mp-1204457,Ni6 Te2 Mo12 O84,104,10,0.09615384615384616,167,R-3c,True
mp-1204538,Na6 Te1 W6 O46,59,30,0.5084745762711864,2,P-1,True
mp-1204640,Cd16 S4 O46,66,33,0.5,4,P21,True
mp-1204646,K6 Na2 Te2 Pt1 O26,37,15,0.40540540540540543,12,C2/m,True
mp-1204679,As4 S4 N8 O32,48,12,0.25,14,P21/c,True
mp-1204730,Th4 Se4 I8 O56,72,18,0.25,14,P21/c,True
mp-1204770,U4 C8 S4 N16 O32,64,16,0.25,14,P21/c,True
mp-1204923,Al4 S8 O48,60,9,0.15,62,Pnma,True
mp-1204959,Se8 N4 O24,36,9,0.25,19,P212121,True
mp-1204967,Sc2 Se6 N6 O24,38,14,0.3684210526315789,146,R3,True
mp-1205006,Zn8 S2 O26,36,18,0.5,2,P-1,True
mp-1205042,K4 Al4 S8 O56,72,6,0.08333333333333333,205,Pa-3,True
mp-1205052,Mo4 P8 C28 S2 N2 Cl8,52,26,0.5,2,P-1,True
mp-1205055,Te2 C8 S8 N16 Cl4 O16,54,27,0.5,2,P-1,True
mp-1205125,Cs4 La4 S8 O48,64,16,0.25,14,P21/c,True
mp-1205209,Fe8 S8 O56,72,13,0.18055555555555555,62,Pnma,True
mp-1205231,U4 C8 Se8 N8 O48,76,12,0.15789473684210525,62,Pnma,True
mp-1205234,Ag8 H64 C24 S16 Cl8 O32,152,38,0.25,29,Pca21,True
mp-1205251,Si4 B2 H36 C62 S2 O6 F46,158,79,0.5,2,P-1,True
mp-1205269,Na8 B48 S32 I48 O64,200,30,0.15,62,Pnma,True
mp-1205273,Cd16 S16 O72,104,26,0.25,14,P21/c,True
mp-1205281,Cu12 Mo2 C40 S8 N10 Cl18,90,28,0.3111111111111111,36,Cmc21,True
mp-1205455,Sn4 Se4,8,2,0.25,63,Cmcm,True
mp-1206038,Mo6 Se2,8,2,0.25,223,Pm-3n,True
mp-1206155,Nd1 Cu2 Se1 O2,6,4,0.6666666666666666,123,P4/mmm,True
mp-1206174,Er2 Se2 Br2,6,3,0.5,47,Pmmm,True
mp-1206200,Dy1 Cu2 Se1 O2,6,4,0.6666666666666666,123,P4/mmm,True
mp-1206202,Th2 Te2 As1,5,3,0.6,123,P4/mmm,True
mp-1206203,Yb2 Se2 I2,6,3,0.5,47,Pmmm,True
mp-1206210,U2 Te2 O1,5,3,0.6,123,P4/mmm,True
mp-1206225,Tb2 Te3,5,3,0.6,123,P4/mmm,True
mp-1206226,Ag1 Bi3 Te6,10,5,0.5,65,Cmmm,True
mp-1206227,Li1 Y3 Se6,10,5,0.5,65,Cmmm,True
mp-1206272,Ta1 Se6,7,3,0.42857142857142855,65,Cmmm,True
mp-1206297,Tl4 S6,10,5,0.5,65,Cmmm,True
mp-1206303,Cu2 Bi1 S1 O2,6,4,0.6666666666666666,123,P4/mmm,True
mp-1206385,Tm2 Se2 I2,6,3,0.5,47,Pmmm,True
mp-1206395,Tl2 S1 Cl2,5,3,0.6,123,P4/mmm,True
mp-1206439,Th2 Bi1 Te2,5,3,0.6,123,P4/mmm,True
mp-1206456,Y2 S2 F1,5,3,0.6,123,P4/mmm,True
mp-1206470,Nd2 S2 F1,5,3,0.6,123,P4/mmm,True
mp-1206491,U2 As1 S2,5,3,0.6,123,P4/mmm,True
mp-1206502,U2 Se2 O1,5,3,0.6,123,P4/mmm,True
mp-1206628,Er2 S2 F1,5,3,0.6,123,P4/mmm,True
mp-1206671,Lu2 Se2 I2,6,3,0.5,47,Pmmm,True
mp-1206678,Th2 P1 Se2,5,3,0.6,123,P4/mmm,True
mp-1206751,Dy2 Se2 I2,6,3,0.5,47,Pmmm,True
mp-1206781,Ho1 Cu2 Se1 O2,6,4,0.6666666666666666,123,P4/mmm,True
mp-1206833,Dy2 S2 F1,5,3,0.6,123,P4/mmm,True
mp-1206865,Na1 Sm3 Se6,10,5,0.5,65,Cmmm,True
mp-1206872,Ho2 Se2 I2,6,3,0.5,47,Pmmm,True
mp-1206897,Pr2 Se2 F1,5,3,0.6,123,P4/mmm,True
mp-1206900,Tl2 Ni1 Se2,5,3,0.6,139,I4/mmm,True
mp-1206918,Tb3 Tl1 Se6,10,5,0.5,65,Cmmm,True
mp-1206966,Tm2 Te3,5,3,0.6,123,P4/mmm,True
mp-1206969,U2 Bi1 Te2,5,3,0.6,123,P4/mmm,True
mp-1206974,U2 P1 Se2,5,3,0.6,123,P4/mmm,True
mp-1206986,Lu2 Te3,5,3,0.6,123,P4/mmm,True
mp-1207035,Zr2 Si1 Te2,5,3,0.6,123,P4/mmm,True
mp-1207041,Th2 As1 S2,5,3,0.6,123,P4/mmm,True
mp-1207046,U2 Sb1 Se2,5,3,0.6,123,P4/mmm,True
mp-1207062,Tm3 Tl1 S6,10,5,0.5,65,Cmmm,True
mp-1207067,S1 N2 F6,9,3,0.3333333333333333,164,P-3m1,True
mp-1207105,Zr1 S2 N1,4,4,1.0,160,R3m,True
mp-1207155,Th2 P2 S1,5,3,0.6,123,P4/mmm,True
mp-1207168,Tl2 Cu1 Se2,5,3,0.6,123,P4/mmm,True
mp-1207178,Th2 As1 Se2,5,3,0.6,123,P4/mmm,True
mp-1207211,Tl2 S1 I2,5,3,0.6,123,P4/mmm,True
mp-1207241,Tl2 Ni1 S2,5,3,0.6,139,I4/mmm,True
mp-1207249,Sm3 Tl1 Te6,10,5,0.5,65,Cmmm,True
mp-1207254,Tb2 S2 F1,5,3,0.6,123,P4/mmm,True
mp-1207255,Tl2 Fe1 Se2,5,3,0.6,139,I4/mmm,True
mp-1207258,Dy2 Te3,5,3,0.6,123,P4/mmm,True
mp-1207260,Pr2 S2 F1,5,3,0.6,123,P4/mmm,True
mp-1207264,Ho2 S2 F1,5,3,0.6,123,P4/mmm,True
mp-1207265,La1 Cu2 Se1 O2,6,4,0.6666666666666666,123,P4/mmm,True
mp-1207269,La2 S2 F1,5,3,0.6,123,P4/mmm,True
mp-1207270,Tl2 Cu1 Te2,5,3,0.6,139,I4/mmm,True
mp-1207273,Tl2 Co1 Se2,5,3,0.6,139,I4/mmm,True
mp-1207276,Sm2 Se2 F1,5,3,0.6,123,P4/mmm,True
mp-1207277,Y1 Cu2 Se1 O2,6,4,0.6666666666666666,123,P4/mmm,True
mp-1207278,U2 Sb1 S2,5,3,0.6,123,P4/mmm,True
mp-1207280,Ho2 Te3,5,3,0.6,123,P4/mmm,True
mp-1207281,Na1 Sm3 S6,10,5,0.5,65,Cmmm,True
mp-1207284,Ag1 Bi3 Se6,10,5,0.5,65,Cmmm,True
mp-1207296,Li1 Ho3 S6,10,5,0.5,65,Cmmm,True
mp-1207299,Sm2 S2 F1,5,3,0.6,123,P4/mmm,True
mp-1207301,Nd2 Se2 F1,5,3,0.6,123,P4/mmm,True
mp-1207306,Y2 Te3,5,3,0.6,123,P4/mmm,True
mp-1207319,Tl1 Bi3 Se6,10,5,0.5,65,Cmmm,True
mp-1207323,Nd3 Tl1 Te6,10,5,0.5,65,Cmmm,True
mp-1207325,Yb2 S2 Br2,6,3,0.5,47,Pmmm,True
mp-1207331,Tb2 Se2 I2,6,3,0.5,47,Pmmm,True
mp-1207357,Ho3 Tl1 S6,10,5,0.5,65,Cmmm,True
mp-1207370,Tl1 Bi3 S6,10,5,0.5,65,Cmmm,True
mp-1207373,Na1 Sm3 Te6,10,5,0.5,65,Cmmm,True
mp-1207375,Er2 S2 Br2,6,3,0.5,47,Pmmm,True
mp-1207379,Y3 Tl1 S6,10,5,0.5,65,Cmmm,True
mp-1207412,Zr2 S2 O1,5,3,0.6,123,P4/mmm,True
mp-1207456,Zr2 P1 S2,5,3,0.6,123,P4/mmm,True
mp-1207471,Zr2 Si1 Se2,5,3,0.6,123,P4/mmm,True
mp-1207472,Zr2 Si1 S2,5,3,0.6,123,P4/mmm,True
mp-1207652,Zn4 W8 S4 O12,28,15,0.5357142857142857,2,P-1,True
mp-1207732,Y2 Cu1 Se2 O1,6,4,0.6666666666666666,123,P4/mmm,True
mp-1207838,V1 S2 N1 O8,12,5,0.4166666666666667,150,P321,True
mp-1207865,V1 B2 S4,7,4,0.5714285714285714,12,C2/m,True
mp-1207877,Zn8 S2 O28,38,9,0.23684210526315788,147,P-3,True
mp-1207956,U2 Te2 N1,5,3,0.6,123,P4/mmm,True
mp-1208022,Tl1 S2 N1 O8,12,5,0.4166666666666667,155,R32,True
mp-1208071,Zn4 S4 O44,52,13,0.25,19,P212121,True
mp-1208097,V8 S12 N8 O48,76,9,0.11842105263157894,198,P213,True
mp-1208151,Y4 S6 O40,50,13,0.26,15,C2/c,True
mp-1208253,U2 C6 S2 N4 O16,30,10,0.3333333333333333,15,C2/c,True
mp-1208260,Th2 Se2 O1,5,3,0.6,123,P4/mmm,True
mp-1208264,Tl2 P2 C8 S8 N16 O8,44,9,0.20454545454545456,66,Cccm,True
mp-1208297,Th2 Sb1 Se2,5,3,0.6,123,P4/mmm,True
mp-1208304,Te6 Pd10,16,4,0.25,227,Fd-3m,True
mp-1208306,Tb1 S3,4,3,0.75,65,Cmmm,True
mp-1208313,Tb1 Se3,4,3,0.75,65,Cmmm,True
mp-1208342,Tb1 Te3,4,3,0.75,65,Cmmm,True
mp-1208352,Th2 P1 S2,5,3,0.6,123,P4/mmm,True
mp-1208357,Tm4 S6 O40,50,13,0.26,15,C2/c,True
mp-1208457,Te4 H24 S4 N8 O40,80,21,0.2625,14,P21/c,True
mp-1208549,Ta2 S4 N2,8,4,0.5,186,P63mc,True
mp-1208558,Te2 Br12 O16,30,8,0.26666666666666666,14,P21/c,True
mp-1208584,Y4 Se6 O40,50,13,0.26,15,C2/c,True
mp-1208607,U2 As1 S2,5,3,0.6,123,P4/mmm,True
mp-1208771,V4 Te4 N8 O32,48,12,0.25,14,P21/c,True
mp-1208797,Tb4 S6 O40,50,13,0.26,15,C2/c,True
mp-1208929,Sr2 Cu1 S2 F1,6,4,0.6666666666666666,123,P4/mmm,True
mp-1208930,Sm2 Cu1 Se2 O1,6,4,0.6666666666666666,123,P4/mmm,True
mp-1208940,Te4 H24 S4 N8 O40,80,21,0.2625,14,P21/c,True
mp-1208965,Sm2 S6 N6 O18,32,5,0.15625,176,P63/m,True
mp-1208974,Sm4 S4 O16,24,5,0.20833333333333334,62,Pnma,True
mp-1208978,Sm2 Cu1 Se2 F1,6,4,0.6666666666666666,123,P4/mmm,True
mp-1208989,U4 H20 Se8 O40,72,12,0.16666666666666666,62,Pnma,True
mp-1209008,Sc1 S2 N1 O8,12,5,0.4166666666666667,150,P321,True
mp-1209052,U4 H56 Se8 O40,108,27,0.25,14,P21/c,True
mp-1209092,S4 N4 O12 F4,24,5,0.20833333333333334,62,Pnma,True
mp-1209163,Tb4 Se6 O40,50,13,0.26,15,C2/c,True
mp-1209208,Se8 N4 O24,36,9,0.25,19,P212121,True
mp-1209223,Te12 O8 F48,68,9,0.1323529411764706,88,I41/a,True
mp-1209326,Se8 O40,48,6,0.125,61,Pbca,True
mp-1209390,Pr2 S4 N2 O16,24,10,0.4166666666666667,11,P21/m,True
mp-1209394,Pr2 S6 N6 O18,32,5,0.15625,176,P63/m,True
mp-1209400,Rb2 Ce2 Se8,12,3,0.25,123,P4/mmm,True
mp-1209436,Tm1 Tl3 Te6,10,5,0.5,65,Cmmm,True
mp-1209450,U2 H24 W6 C4 S4 N12 O20,72,19,0.2638888888888889,15,C2/c,True
mp-1209490,Rb2 Li1 S2,5,3,0.6,123,P4/mmm,True
mp-1209560,Sb8 S4 N8 O20 F24,64,9,0.140625,92,P41212,True
mp-1209608,Rb2 Li1 Se2,5,3,0.6,123,P4/mmm,True
mp-1209731,Tl3 Bi1 S6,10,5,0.5,65,Cmmm,True
mp-1209735,Pr2 Cu1 S2 O1,6,4,0.6666666666666666,123,P4/mmm,True
mp-1209748,Zr4 S8 O24,36,5,0.1388888888888889,70,Fddd,True
mp-1209771,Nd2 Cu1 S2 O1,6,4,0.6666666666666666,123,P4/mmm,True
mp-1209817,Re4 H4 C4 S4 N8 Cl12 O4,40,10,0.25,29,Pca21,True
mp-1209835,Se4 N6 O16,26,7,0.2692307692307692,15,C2/c,True
mp-1209860,Nd2 Cu1 Te2 O1,6,4,0.6666666666666666,123,P4/mmm,True
mp-1210005,Np2 Se2 O1,5,3,0.6,123,P4/mmm,True
mp-1210102,Sr4 Sb4 S10 O30,48,13,0.2708333333333333,15,C2/c,True
mp-1210147,Ni4 S4 O32,40,10,0.25,14,P21/c,True
mp-1210169,Rb4 Sm4 S8 O48,64,16,0.25,14,P21/c,True
mp-1210176,Ni8 S12 N8 O48,76,9,0.11842105263157894,198,P213,True
mp-1210310,Rb4 Pr4 S8 O48,64,16,0.25,14,P21/c,True
mp-1210318,Na4 C4 S4 Cl12 O16,40,10,0.25,14,P21/c,True
mp-1210407,Re2 C8 S8 N16 Cl16 O6,56,11,0.19642857142857142,63,Cmcm,True
mp-1210423,U4 Zn4 H20 Se8 O40,76,19,0.25,14,P21/c,True
mp-1210434,Re12 Pb6 C4 S4 N8 O52,86,15,0.1744186046511628,113,P-421m,True
mp-1210450,Rb8 Ta4 Cu4 S8,24,4,0.16666666666666666,70,Fddd,True
mp-1210451,Ni1 S2 O12,15,8,0.5333333333333333,2,P-1,True
mp-1210470,Rb4 Nd4 S8 O48,64,16,0.25,14,P21/c,True
mp-1210481,U2 Ge1 S2,5,3,0.6,123,P4/mmm,True
mp-1210520,Rb8 Ta4 Ag4 S8,24,4,0.16666666666666666,70,Fddd,True
mp-1210528,Na2 Li1 S2,5,3,0.6,123,P4/mmm,True
mp-1210552,Mo2 S4 N1,7,3,0.42857142857142855,87,I4/m,True
mp-1210562,Pd8 S32 N32,72,18,0.25,14,P21/c,True
mp-1210578,Nb1 S6,7,3,0.42857142857142855,65,Cmmm,True
mp-1210679,Ni3 H6 S1 O3,13,13,1.0,1,P1,True
mp-1210710,Rb8 Ta4 Cu4 Se8,24,4,0.16666666666666666,70,Fddd,True
mp-1210766,Rb10 H2 W6 S8 N4 O28,58,30,0.5172413793103449,2,P-1,True
mp-1210798,Pr4 S8 N4 O48,64,16,0.25,14,P21/c,True
mp-1210806,Na2 In2 H12 Se4 O16,36,19,0.5277777777777778,2,P-1,True
mp-1210848,Na8 S4 O8,20,3,0.15,70,Fddd,True
mp-1210859,Li1 Ti1 S2 O1,5,5,1.0,160,R3m,True
mp-1210876,Rb4 Tb4 S8 O48,64,16,0.25,14,P21/c,True
mp-1210895,Mg5 Fe6 S6 O10,27,27,1.0,1,P1,True
mp-1210898,Rb8 Nb4 Cu4 S8,24,4,0.16666666666666666,70,Fddd,True
mp-1210902,Na8 Se4 O8,20,3,0.15,70,Fddd,True
mp-1210903,Na8 P8 H12 S8 O16,52,26,0.5,2,P-1,True
mp-1211008,Li3 Ti3 Se6 O3,15,15,1.0,156,P3m1,True
mp-1211022,Rb8 V4 Ag4 Se8,24,4,0.16666666666666666,70,Fddd,True
mp-1211023,Na2 Pd1 W6 S2 N2 O6,19,10,0.5263157894736842,2,P-1,True
mp-1211026,Sc6 Te1 O12,19,10,0.5263157894736842,2,P-1,True
mp-1211066,Ni4 S8 O36,48,8,0.16666666666666666,62,Pnma,True
mp-1211109,Na2 Cu1 Te2,5,3,0.6,123,P4/mmm,True
mp-1211110,Mn8 S12 N8 O48,76,9,0.11842105263157894,198,P213,True
mp-1211120,Ni2 H12 S4 N4 O16,38,10,0.2631578947368421,14,P21/c,True
mp-1211220,Mg3 H12 Se1 O9,25,25,1.0,1,P1,True
mp-1211239,Nd4 S6 O40,50,13,0.26,15,C2/c,True
mp-1211244,Mg3 S1 O9,13,13,1.0,1,P1,True
mp-1211267,Mg2 C4 S4 N12 O28,50,13,0.26,14,P21/c,True
mp-1211278,Mg4 S4 O32,40,10,0.25,14,P21/c,True
mp-1211335,La2 Cu1 Se2 O1,6,4,0.6666666666666666,123,P4/mmm,True
mp-1211374,La2 Ag1 S2 O1,6,4,0.6666666666666666,123,P4/mmm,True
mp-1211390,Te7 As6,13,5,0.38461538461538464,65,Cmmm,True
mp-1211442,Rb4 Pr4 Se8 O52,68,17,0.25,14,P21/c,True
mp-1211453,Mo1 S6,7,3,0.42857142857142855,65,Cmmm,True
mp-1211660,La2 Cu1 Te2 O1,6,4,0.6666666666666666,123,P4/mmm,True
mp-1211666,Nd2 C6 S6 O36 F18,68,9,0.1323529411764706,176,P63/m,True
mp-12117,Pr2 S4,6,2,0.3333333333333333,227,Fd-3m,True
mp-1211791,Lu4 S6 O40,50,13,0.26,15,C2/c,True
mp-1211833,K4 Zn2 S4 O28,38,10,0.2631578947368421,14,P21/c,True
mp-1211921,Sc4 W10 Se6 O24,44,44,1.0,1,P1,True
mp-1211931,Mn2 Cu16 Sb6 S26 N12,62,6,0.0967741935483871,226,Fm-3c,True
mp-1211935,Mn8 Se12 N8 O48,76,9,0.11842105263157894,198,P213,True
mp-1211974,In1 S2 N1 O8,12,5,0.4166666666666667,155,R32,True
mp-1211991,K2 Li1 S2,5,3,0.6,123,P4/mmm,True
mp-1211994,K2 V2 S2 O18,24,12,0.5,4,P21,True
mp-1212019,K4 Mg2 S4 O24,34,14,0.4117647058823529,12,C2/m,True
mp-1212056,K2 Li1 Se2,5,3,0.6,123,P4/mmm,True
mp-1212156,K4 H12 C4 S4 N8 O4,36,9,0.25,14,P21/c,True
mp-1212157,Na8 Rh4 W12 S8 O32,64,16,0.25,14,P21/c,True
mp-1212165,Re12 Se16 O14 F12,54,14,0.25925925925925924,15,C2/c,True
mp-1212181,Mn4 S4 N8 O16 F12,44,12,0.2727272727272727,14,P21/c,True
mp-1212315,Li2 P2 H4 S6 N14,28,14,0.5,2,P-1,True
mp-1212325,Mg1 Te3 Cl6 O6,16,10,0.625,2,P-1,True
mp-1212335,K2 Li1 Te2,5,3,0.6,123,P4/mmm,True
mp-1212363,Sm4 W16 S8 N4 O32,64,16,0.25,14,P21/c,True
mp-1212400,K8 V4 Cu4 Se8,24,4,0.16666666666666666,70,Fddd,True
mp-1212401,K8 V4 Ag4 S8,24,4,0.16666666666666666,70,Fddd,True
mp-1212411,K8 V4 Ag4 Se8,24,4,0.16666666666666666,70,Fddd,True
mp-1212437,Hf2 Si1 Te2,5,3,0.6,123,P4/mmm,True
mp-1212475,Ho2 C6 S6 O36 F18,68,9,0.1323529411764706,176,P63/m,True
mp-1212502,Hf2 Si1 S2,5,3,0.6,123,P4/mmm,True
mp-1212527,K2 Ce2 Te8,12,3,0.25,123,P4/mmm,True
mp-1212562,Na4 Cr4 H48 S8 O32,96,7,0.07291666666666667,205,Pa-3,True
mp-1212578,Np2 Te2 As1,5,3,0.6,2,P-1,True
mp-1212580,K8 Nb4 Cu4 S8,24,4,0.16666666666666666,70,Fddd,True
mp-1212584,K8 V4 Cu4 S8,24,4,0.16666666666666666,70,Fddd,True
mp-1212593,Sb1 Mo6 S12,19,10,0.5263157894736842,2,P-1,True
mp-1212618,Ga1 Se2 N1 O8,12,5,0.4166666666666667,150,P321,True
mp-1212631,Ga1 S2 N1 O8,12,5,0.4166666666666667,150,P321,True
mp-1212677,Fe1 Se2 N1 O8,12,5,0.4166666666666667,150,P321,True
mp-1212712,Fe1 S2 N1 O8,12,5,0.4166666666666667,150,P321,True
mp-1212747,Ho4 S6 O40,50,13,0.26,15,C2/c,True
mp-1212810,K8 Nb4 Cu4 Se8,24,4,0.16666666666666666,70,Fddd,True
mp-1212846,Ga4 Bi4 Se4,12,3,0.25,140,I4/mcm,True
mp-1212968,Eu2 Cu1 Se2 O1,6,4,0.6666666666666666,123,P4/mmm,True
mp-1213027,K8 Te8 W12 O20,48,12,0.25,14,P21/c,True
mp-1213033,Fe8 S12 N8 O48,76,9,0.11842105263157894,198,P213,True
mp-1213034,Cu1 Bi2 Se2 O1,6,4,0.6666666666666666,123,P4/mmm,True
mp-1213041,Ga4 Bi4 S4,12,3,0.25,140,I4/mcm,True
mp-1213090,Ho4 Se6 O40,50,13,0.26,15,C2/c,True
mp-1213117,Dy2 Cu1 Se2 O1,6,4,0.6666666666666666,123,P4/mmm,True
mp-1213264,Cs2 Nd2 Te8,12,3,0.25,123,P4/mmm,True
mp-1213297,La2 Cu1 S2 O1,6,4,0.6666666666666666,123,P4/mmm,True
mp-1213353,Fe4 H16 S4 O16,40,10,0.25,14,P21/c,True
mp-1213446,K4 Fe6 S12 O76,98,13,0.1326530612244898,176,P63/m,True
mp-1213467,Cu2 S2 O14,18,9,0.5,9,Cc,True
mp-1213485,Cu4 S8 N8 O32,52,27,0.5192307692307693,2,P-1,True
mp-1213501,Na12 C12 S12 O52,88,22,0.25,14,P21/c,True
mp-1213503,Cu2 H12 S4 N4 O16,38,10,0.2631578947368421,14,P21/c,True
mp-1213513,Gd2 Se4 N2 O22,30,15,0.5,2,P-1,True
mp-1213516,Fe2 S4 N4 O28,38,10,0.2631578947368421,14,P21/c,True
mp-1213557,Dy4 S6 O40,50,13,0.26,15,C2/c,True
mp-1213561,Fe4 W8 S4 O18,34,17,0.5,2,P-1,True
mp-1213564,Cu8 Se8 Cl8 O40,64,10,0.15625,62,Pnma,True
mp-1213576,Cu16 Ni2 Sb6 S26 N12,62,6,0.0967741935483871,226,Fm-3c,True
mp-1213608,In4 H16 S8 N4 O32,64,32,0.5,4,P21,True
mp-1213618,Cs4 La4 H16 S8 O32,64,16,0.25,14,P21/c,True
mp-1213629,Fe4 S8 N4 O80,96,7,0.07291666666666667,205,Pa-3,True
mp-1213639,Dy1 Tl3 Te6,10,5,0.5,65,Cmmm,True
mp-1213656,Ho1 Tl3 Te6,10,5,0.5,65,Cmmm,True
mp-1213661,Fe8 S12 O84,104,11,0.10576923076923077,163,P-31c,True
mp-1213664,Hg1 Mo6 S12,19,10,0.5263157894736842,2,P-1,True
mp-1213670,Er3 Tl1 S6,10,5,0.5,65,Cmmm,True
mp-1213673,Cs1 Li1 H4 W2 S1 O3,12,10,0.8333333333333334,8,Cm,True
mp-1213738,Cr1 S2 N1 O8,12,5,0.4166666666666667,150,P321,True
mp-1213819,Co2 Se2 Cl2 O12,18,10,0.5555555555555556,2,P-1,True
mp-1213871,Ce2 Cu1 S2 O1,6,4,0.6666666666666666,123,P4/mmm,True
mp-1213900,Co8 S12 N8 O48,76,9,0.11842105263157894,198,P213,True
mp-1213961,Ce2 Cu1 Te2 O1,6,4,0.6666666666666666,123,P4/mmm,True
mp-1214018,Cd2 C4 S4 N8 Cl4,22,7,0.3181818181818182,31,Pmn21,True
mp-1214032,Cd6 H16 S6 O24,52,14,0.2692307692307692,15,C2/c,True
mp-1214108,Co4 Cu4 Se8 Cl8 O40,64,10,0.15625,62,Pnma,True
mp-1214110,Cd4 C16 S16 N40 O24,100,25,0.25,14,P21/c,True
mp-1214165,Cd2 C4 S4 N12 O12,34,9,0.2647058823529412,14,P21/c,True
mp-1214177,C4 S2 F12,18,9,0.5,4,P21,True
mp-1214189,Be6 Si6 C8 S2 O24,46,5,0.10869565217391304,218,P-43n,True
mp-1214245,Be2 S2 O16,20,4,0.2,120,I-4c2,True
mp-1214254,C4 S8 N8 O4,24,6,0.25,19,P212121,True
mp-1214264,Cd2 Cu4 S4 O16,26,7,0.2692307692307692,14,P21/c,True
mp-1214318,Ca8 S12 N8 O48,76,9,0.11842105263157894,198,P213,True
mp-1214341,Ca6 Mn2 H6 S4 O28,46,7,0.15217391304347827,194,P63/mmc,True
mp-1214362,Be2 H8 S2 O8,20,4,0.2,140,I4/mcm,True
mp-1214392,Ca3 S6 O30,39,7,0.1794871794871795,171,P62,True
mp-1214550,Ba8 H8 S16 O24,56,7,0.125,60,Pbcn,True
mp-1214721,Ba4 Te4 H12 S16 O24,60,15,0.25,14,P21/c,True
mp-1214727,Ca4 C16 S16 O16,52,16,0.3076923076923077,11,P21/m,True
mp-1214728,Co4 H12 S8 N20 O24,68,17,0.25,19,P212121,True
mp-1214729,Ba4 H8 S16 O24,52,13,0.25,14,P21/c,True
mp-1214731,Ba2 Cu1 Se2 F1,6,4,0.6666666666666666,123,P4/mmm,True
mp-1214752,Ba2 Ag1 Te2 F1,6,4,0.6666666666666666,123,P4/mmm,True
mp-1214753,Au2 S4,6,2,0.3333333333333333,224,Pn-3m,True
mp-1214778,Ba2 Cu1 Te2 F1,6,4,0.6666666666666666,123,P4/mmm,True
mp-1214799,Ba4 H8 Se4 S16 O24,56,9,0.16071428571428573,62,Pnma,True
mp-1214825,Al1 Se2 N1 O8,12,5,0.4166666666666667,150,P321,True
mp-1214883,Al1 S2 N1 O8,12,5,0.4166666666666667,150,P321,True
mp-1214973,Au2 C4 S4 Br2 N8,20,6,0.3,15,C2/c,True
mp-1214976,Ba2 U6 W6 Se4 O28,46,15,0.32608695652173914,31,Pmn21,True
mp-1215005,C8 S40,48,9,0.1875,62,Pnma,True
mp-1215021,Ag8 S4 O8,20,3,0.15,70,Fddd,True
mp-1215036,Ag8 Se4 O8,20,3,0.15,70,Fddd,True
mp-1215040,Cd2 Re4 C8 S8 N16 O16,54,14,0.25925925925925924,14,P21/c,True
mp-1215046,Ag12 H4 S4 N12 O8,40,8,0.2,57,Pbcm,True
mp-1215073,Ag12 S1 I1,14,3,0.21428571428571427,221,Pm-3m,True
mp-1215080,Ag12 S1 Br1,14,3,0.21428571428571427,221,Pm-3m,True
mp-1215084,Ag3 Sb1 Te6,10,5,0.5,65,Cmmm,True
mp-1215087,Ag3 S1 I3,7,7,1.0,1,P1,True
mp-1215094,Ag1 As3 Se6,10,5,0.5,65,Cmmm,True
mp-1215096,Ag3 S1 I3,7,5,0.7142857142857143,8,Cm,True
mp-1215129,Al2 Cu12 S2 Cl2 O38,56,12,0.21428571428571427,159,P31c,True
mp-1215137,C1 S30,31,9,0.2903225806451613,12,C2/m,True
mp-1215148,Ce4 W8 S6 O28,46,12,0.2608695652173913,15,C2/c,True
mp-1215149,Ag3 Bi1 Se6,10,5,0.5,65,Cmmm,True
mp-1215158,Al12 Ga1 S4 O66,83,11,0.13253012048192772,216,F-43m,True
mp-1215161,Ag8 C16 S16 N32 Cl8,80,20,0.25,14,P21/c,True
mp-1215165,Al2 Fe6 S12 O84,104,11,0.10576923076923077,163,P-31c,True
mp-1215427,Zn1 Cd1 Se2,4,3,0.75,225,Fm-3m,True
mp-1215742,Zn1 C2 S2 O2 F2,9,5,0.5555555555555556,2,P-1,True
mp-1215925,Zr5 Se8,13,13,1.0,1,P1,True
mp-1217469,Tb1 Te2,3,2,0.6666666666666666,123,P4/mmm,True
mp-1217488,Te2 W2 N2 O1,7,4,0.5714285714285714,44,Imm2,True
mp-1217538,Te2 W2 N2 O15,21,11,0.5238095238095238,44,Imm2,True
mp-1217700,Te2 I12 O16,30,8,0.26666666666666666,14,P21/c,True
mp-1217911,Ta1 Os1 Se4,6,4,0.6666666666666666,187,P-6m2,True
mp-1219375,Se2 N3 O8,13,13,1.0,1,P1,True
mp-1219664,Rb4 W2 S2 O8,16,6,0.375,166,R-3m,True
mp-1219829,Re2 S16 N2 O4,24,12,0.5,2,P-1,True
mp-1219891,Re6 Se8 O16 F2,32,16,0.5,5,C2,True
mp-1220048,Nd1 Te1,2,2,1.0,123,P4/mmm,True
mp-1220058,Re6 S8 O16 F2,32,16,0.5,5,C2,True
mp-1220490,Rb8 Sn2 Se8 O8,26,13,0.5,2,P-1,True
mp-1220729,Nb2 H8 Se4,14,7,0.5,12,C2/m,True
mp-1220771,Rb4 Nb6 C6 S6 N6 Cl12 O4,44,22,0.5,2,P-1,True
mp-1220911,Nd4 S6 O34,44,22,0.5,9,Cc,True
mp-1221087,Nd4 P4 H16 S8 O30,62,31,0.5,4,P21,True
mp-1221103,Na1 V2 S4 O4,11,7,0.6363636363636364,10,P2/m,True
mp-1221251,Na4 Ni1 Ag2 S8 N5 O12,32,10,0.3125,79,I4,True
mp-1221306,Nd2 Te1 Mo6 O46,55,28,0.509090909090909,2,P-1,True
mp-1221377,Na2 V3 Se6 O6,17,7,0.4117647058823529,12,C2/m,True
mp-1221849,Mn4 P6 S1 N12,23,6,0.2608695652173913,121,I-42m,True
mp-1222075,Mg1 C2 S2 O2 F2,9,5,0.5555555555555556,2,P-1,True
mp-1222254,Mo3 S13 N2 O1,19,19,1.0,1,P1,True
mp-1223113,Na4 Nb4 C16 S8 N6 Cl2 O38,78,39,0.5,2,P-1,True
mp-1223731,K2 Re6 S8 O8,24,12,0.5,2,P-1,True
mp-1223923,Hf2 Fe1 C2 S1,6,6,1.0,156,P3m1,True
mp-1224128,K6 Sn4 S6 Cl2 O6,24,12,0.5,4,P21,True
mp-1224197,K6 Sn4 S6 Br2 O6,24,12,0.5,4,P21,True
mp-1224566,K6 Sb14 Se6 O25,51,10,0.19607843137254902,147,P-3,True
mp-1225202,Fe4 P6 S1 N12,23,6,0.2608695652173913,121,I-42m,True
mp-1225436,Er1 Te1,2,2,1.0,123,P4/mmm,True
mp-1225496,K6 Sb14 Se6 O24,50,25,0.5,4,P21,True
mp-1225532,K4 Re6 S8 O14,32,16,0.5,2,P-1,True
mp-1226135,Co4 P6 S1 N12,23,6,0.2608695652173913,121,I-42m,True
mp-1226184,Cu7 S4 N1,12,12,1.0,1,P1,True
mp-1226358,Cr14 Se20,34,17,0.5,12,C2/m,True
mp-1226372,K4 Re6 Se8 O11,29,29,1.0,1,P1,True
mp-1226525,Cs4 W2 S2 O8,16,6,0.375,166,R-3m,True
mp-1227460,Ca1 C2 S2 O2 F2,9,5,0.5555555555555556,2,P-1,True
mp-1227602,C2 S2 N4,8,4,0.5,7,Pc,True
mp-1227821,La4 Te2 Mo12 O70,88,44,0.5,4,P21,True
mp-1227857,Cr2 Te2 N2 O15,21,21,1.0,1,P1,True
mp-1227891,Cs4 W6 S16 O8,34,17,0.5,4,P21,True
mp-1229279,Ba4 Se4 S16 O31,55,35,0.6363636363636364,6,Pm,True
mp-1229283,Ce2 Te1 Mo6 O45,54,54,1.0,1,P1,True
mp-1229334,Al4 Se6 O56,66,33,0.5,4,P21,True
mp-1229336,Al12 Ge1 Se4 O70,87,46,0.5287356321839081,5,C2,True
mp-1232178,Eu2 S4,6,2,0.3333333333333333,227,Fd-3m,True
mp-1232236,Pm2 Se2,4,2,0.5,186,P63mc,True
mp-1232267,Pm2 S4,6,2,0.3333333333333333,227,Fd-3m,True
mp-1232269,Sm2 S4,6,2,0.3333333333333333,227,Fd-3m,True
mp-1232337,K2 Cu1 Ni2 S2 O2,9,5,0.5555555555555556,139,I4/mmm,True
mp-1232344,Re1 S2,3,3,1.0,156,P3m1,True
mp-1232415,Te2 P6 N8 O36,52,15,0.28846153846153844,13,P2/c,True
mp-1236964,Mg1 Te3 Cl6 O6,16,10,0.625,2,P-1,True
mp-1237012,Ni3 H6 S1 O3,13,13,1.0,1,P1,True
mp-1237159,Te4 S12 N8,24,4,0.16666666666666666,62,Pnma,True
mp-1237289,Co2 S4 N4 O28,38,10,0.2631578947368421,14,P21/c,True
mp-1237291,Co2 S4 N4 O28,38,10,0.2631578947368421,14,P21/c,True
mp-1237332,Mg3 S1 O9,13,13,1.0,1,P1,True
mp-1237377,Ga4 Bi4 Se4,12,3,0.25,140,I4/mcm,True
mp-1237627,Te1 Mo6,7,3,0.42857142857142855,69,Fmmm,True
mp-1237644,Sc4 W10 Se6 O24,44,44,1.0,1,P1,True
mp-1237677,Sc4 H20 S6 O34,64,33,0.515625,2,P-1,True
mp-1237705,As8 C16 S8 O4,36,9,0.25,15,C2/c,True
mp-1238261,Fe2 C8 S4 N6 O10,30,15,0.5,2,P-1,True
mp-1238312,P8 H76 S24 N20 O8,136,34,0.25,14,P21/c,True
mp-1238512,Cu2 H12 S4 N4 O16,38,10,0.2631578947368421,14,P21/c,True
mp-1238525,Al4 S8 N4 O80,96,7,0.07291666666666667,205,Pa-3,True
mp-1238905,Al4 Se4 O40,48,12,0.25,14,P21/c,True
mp-1239000,Na4 Te2 O10,16,5,0.3125,63,Cmcm,True
mp-1239081,Ni1 S2 O12,15,8,0.5333333333333333,2,P-1,True
mp-1239183,Mo1 S3,4,4,1.0,1,P1,True
mp-1239203,Mo1 S3,4,4,1.0,6,Pm,True
mp-1245827,Ge4 S2 N4,10,6,0.6,8,Cm,True
mp-1245910,Te2 O2,4,2,0.5,194,P63/mmc,True
mp-1247073,Mg2 W4 S8,14,3,0.21428571428571427,227,Fd-3m,True
mp-1247205,Cs4 S8 N12,24,7,0.2916666666666667,15,C2/c,True
mp-1247315,Si4 S2 N4,10,6,0.6,8,Cm,True
mp-1247785,Ce4 Se8,12,2,0.16666666666666666,92,P41212,True
mp-1247811,B4 H48 Pd2 C16 S8 F16,94,94,1.0,1,P1,True
mp-1247813,Al1 Ag7 Se5,13,13,1.0,1,P1,True
mp-1247820,As4 S10 N8 O4 F24,50,50,1.0,1,P1,True
mp-1247838,Al4 Se6,10,10,1.0,1,P1,True
mp-1247841,Ag7 P1 Se6,14,14,1.0,1,P1,True
mp-1247858,Ag8 Te4,12,12,1.0,1,P1,True
mp-1247874,Ag6 Se3,9,9,1.0,1,P1,True
mp-1247901,Al6 Mo8 Se16,30,15,0.5,31,Pmn21,True
mp-1247932,Ag7 Sb7 Te14,28,16,0.5714285714285714,12,C2/m,True
mp-1266086,Cs4 Al4 H96 S8 O80,192,36,0.1875,148,R-3,True
mp-1266944,Al2 Mo6 Se4 Cl2 O16,30,30,1.0,1,P1,True
mp-12771,Se2,2,1,0.5,227,Fd-3m,True
mp-1323771,Mg2 Cr2 S2 F10,16,16,1.0,1,P1,True
mp-1324683,Rb3 Cr20 Te32,55,28,0.509090909090909,2,P-1,True
mp-1326744,Tl4 Ag32 Te22,58,58,1.0,1,P1,True
mp-1328634,Pt4 C16 S8 Br8 O8,44,22,0.5,2,P-1,True
mp-1329763,Zr24 S32,56,31,0.5535714285714286,2,P-1,True
mp-1331846,Te4 C32 O16 F48,100,50,0.5,2,P-1,True
mp-1335844,Zn3 Cu3 Hg12 As21 S36,75,75,1.0,1,P1,True
mp-1336779,Lu20 Fe10 S40,70,70,1.0,1,P1,True
mp-1337236,Te6 O18,24,5,0.20833333333333334,185,P63cm,True
mp-1340471,Al2 Mo6 Se4 Cl2 O16,30,30,1.0,1,P1,True
mp-1342613,Na12 Mn3 S6 O24 F8,53,28,0.5283018867924528,2,P-1,True
mp-1342911,Ba2 H2 Pd1 S10 O34,49,25,0.5102040816326531,2,P-1,True
mp-1345071,Na3 V5 Se10,18,18,1.0,1,P1,True
mp-1345578,Al1 In3 Cu4 Se8,16,16,1.0,1,P1,True
mp-1345738,Ta3 Nb3 Te12,18,18,1.0,1,P1,True
mp-1346536,Tl8 Sn10 S24,42,21,0.5,2,P-1,True
mp-1348082,Ta1 Mo4 S10,15,15,1.0,1,P1,True
mp-1351012,H36 Se6 N8 O24,74,37,0.5,2,P-1,True
mp-1352443,Tl5 Sb10 As3 S22,40,40,1.0,1,P1,True
mp-1356028,Ba4 Cu8 Te8 Cl8 O22,50,25,0.5,2,P-1,True
mp-1364876,Sr24 Te8 O48,80,44,0.55,2,P-1,True
mp-1368522,Na3 Ca1 Al3 Si3 S1 O16,27,27,1.0,1,P1,True
mp-1368835,Tl2 C8 S8 N2,20,10,0.5,2,P-1,True
mp-1371609,Nb4 Ni10 Te12,26,13,0.5,2,P-1,True
mp-1372695,Y7 Cu3 Te12,22,22,1.0,1,P1,True
mp-1376661,Al12 S18,30,30,1.0,1,P1,True
mp-1377654,Ni1 C4 S4 N2 O12,23,12,0.5217391304347826,2,P-1,True
mp-1382260,Sr2 U2 Se4 O16,24,12,0.5,2,P-1,True
mp-1386542,Te6 As4 O22,32,16,0.5,2,P-1,True
mp-1386900,Ti4 S8,12,7,0.5833333333333334,2,P-1,True
mp-1390793,Sb1 S4 N3,8,8,1.0,1,P1,True
mp-1392021,Al1 Te1 W2 O8,12,7,0.5833333333333334,2,P-1,True
mp-1399219,Hf54 Re24 S6,84,8,0.09523809523809523,63,Cmcm,True
mp-1399607,Cr2 Co1 Se4,7,4,0.5714285714285714,2,P-1,True
mp-1400848,Te2 O6,8,3,0.375,194,P63/mmc,True
mp-1401477,Te2 P2 H2 O10,16,9,0.5625,2,P-1,True
mp-1402254,Cu3 Te2 O10,15,8,0.5333333333333333,2,P-1,True
mp-1403285,In2 Cu1 Te3 Br1,7,7,1.0,1,P1,True
mp-1407746,K2 Fe2 Se1 S3,8,8,1.0,1,P1,True
mp-1411667,Na6 Zn1 H4 S4 O18,33,17,0.5151515151515151,2,P-1,True
mp-1425201,Ta12 S2,14,8,0.5714285714285714,2,P-1,True
mp-1444025,La1 Cr1 Te1 O6,9,9,1.0,1,P1,True
mp-1445439,Te2 N4,6,3,0.5,12,C2/m,True
mp-1521599,Ba1 Co1 Se4 O12,18,6,0.3333333333333333,123,P4/mmm,True
mp-1521692,Ba1 Zn1 Se4 O12,18,6,0.3333333333333333,123,P4/mmm,True
mp-1521783,Ba1 Cu1 Se4 O12,18,6,0.3333333333333333,123,P4/mmm,True
mp-16228,Y2 S4,6,2,0.3333333333333333,227,Fd-3m,True
mp-16328,Dy2 S4,6,2,0.3333333333333333,227,Fd-3m,True
mp-16331,Er2 S4,6,2,0.3333333333333333,227,Fd-3m,True
mp-16378,Ho2 S4,6,2,0.3333333333333333,227,Fd-3m,True
mp-16479,Yb2 S4,6,2,0.3333333333333333,227,Fd-3m,True
mp-19846,Tl1 Sb1 Se2,4,3,0.75,65,Cmmm,True
mp-20120,Fe1 Se1,2,2,1.0,221,Pm-3m,True
mp-20505,Ta2 In1 Cu1 Te4,8,4,0.5,121,I-42m,True
mp-20830,In2 Se3,5,3,0.6,166,R-3m,True
mp-21042,Te4 Pt3,7,4,0.5714285714285714,12,C2/m,True
mp-2210612,Mg1 Cu1 S1,3,3,1.0,216,F-43m,True
mp-2210648,Ba1 Mg1 Cu1 S2,5,4,0.8,123,P4/mmm,True
mp-2210668,Mg1 Cr1 S2,4,3,0.75,12,C2/m,True
mp-2210687,Mg1 V1 S2,4,3,0.75,12,C2/m,True
mp-2217621,Ba2 Mg1 Ti2 S6,11,6,0.5454545454545454,187,P-6m2,True
mp-2217817,Ba2 Mg1 V2 S6,11,6,0.5454545454545454,187,P-6m2,True
mp-2219510,Mg1 Co4 S8,13,10,0.7692307692307693,8,Cm,True
mp-2222812,Mg1 V1 S2,4,3,0.75,12,C2/m,True
mp-2222853,Mg1 Mo2 S4,7,5,0.7142857142857143,38,Amm2,True
mp-2224233,Mg1 Fe1 Cu1 S2,5,5,1.0,160,R3m,True
mp-2224440,Mg1 Ni2 S4,7,5,0.7142857142857143,187,P-6m2,True
mp-2225324,Mg1 Ti2 S4,7,5,0.7142857142857143,187,P-6m2,True
mp-2225927,Mg1 Mo2 S4,7,5,0.7142857142857143,187,P-6m2,True
mp-2226151,Mg1 Fe1 Cu1 S2,5,5,1.0,8,Cm,True
mp-2226405,Mg1 Fe1 Ag1 S2,5,5,1.0,8,Cm,True
mp-2227422,Mg1 Mo2 Se2 S2,7,5,0.7142857142857143,38,Amm2,True
mp-2229247,Mg1 Cu1 C2 S2 O6 F6,18,10,0.5555555555555556,2,P-1,True
mp-2232277,Mg1 Zn2 Co4 S8,15,9,0.6,44,Imm2,True
mp-2242174,Mg1 Nb2 P2 S2,7,4,0.5714285714285714,44,Imm2,True
mp-22424,Na4 S2 O8,14,6,0.42857142857142855,164,P-3m1,True
mp-236,S4 N4,8,2,0.25,14,P21/c,True
mp-24201,H2 S1,3,2,0.6666666666666666,225,Fm-3m,True
mp-24420,H2 Se1,3,2,0.6666666666666666,225,Fm-3m,True
mp-2537,Nd2 S4,6,2,0.3333333333333333,227,Fd-3m,True
mp-2646974,Mo4 S4 O4,12,3,0.25,100,P4bm,True
mp-2647061,Sn1 Te2 O4,7,4,0.5714285714285714,139,I4/mmm,True
mp-2714096,Na3 Zr6 Zn6 P3 S15 O72,105,105,1.0,1,P1,True
mp-28390,C4 S12 N16,32,8,0.25,14,P21/c,True
mp-28836,Te8 C8 F16,32,16,0.5,4,P21,True
mp-2899495,Te1 C16 I4 N2,23,5,0.21739130434782608,139,I4/mmm,True
mp-2902228,W2 S4 N4 O4,14,4,0.2857142857142857,15,C2/c,True
mp-29100,Fe16 Se16 O56,88,12,0.13636363636363635,56,Pccn,True
mp-3217104,Yb2 Te3,5,3,0.6,123,P4/mmm,True
mp-33320,Ca4 U4 S8,16,3,0.1875,122,I-42d,True
mp-35248,Na4 S2 O6,12,5,0.4166666666666667,20,C2221,True
mp-540808,S16 N16 O12,44,11,0.25,14,P21/c,True
mp-542611,Tl8 S28 N32,68,13,0.19117647058823528,62,Pnma,True
mp-542621,Ta5 Se10,15,8,0.5333333333333333,2,P-1,True
mp-542635,Se16 N16,32,8,0.25,14,P21/c,True
mp-542964,Eu4 Tm8 Se16,28,7,0.25,62,Pnma,True
mp-552265,Bi2 Se1 O2,5,3,0.6,139,I4/mmm,True
mp-552694,Yb2 S1 O2,5,3,0.6,191,P6/mmm,True
mp-554055,Ho2 S2,4,2,0.5,123,P4/mmm,True
mp-555538,Al2 P2 S8,12,3,0.25,131,P42/mmc,True
mp-556439,S6 N4 O4,14,4,0.2857142857142857,15,C2/c,True
mp-557864,Fe4 W2 C20 Se4 O20,50,25,0.5,2,P-1,True
mp-558736,H12 C4 S4 N4 Cl8 O8,40,7,0.175,62,Pnma,True
mp-558968,Mn8 P8 C48 S4 O32 F48,148,37,0.25,33,Pna21,True
mp-559374,Ti1 S3,4,2,0.5,160,R3m,True
mp-559754,Fe4 Te4 W2 C20 O20,50,25,0.5,2,P-1,True
mp-560520,Fe6 Te2 C18 S2 O18,46,23,0.5,2,P-1,True
mp-562018,C4 S4 N4 F20,32,7,0.21875,62,Pnma,True
mp-562248,Ag6 C2 S2 N6 O12,28,15,0.5357142857142857,2,P-1,True
mp-562631,K4 S2 O8,14,6,0.42857142857142855,164,P-3m1,True
mp-563048,K1 Fe3 H6 S2 O14,26,7,0.2692307692307692,166,R-3m,True
mp-568313,Si2 Se4,6,2,0.3333333333333333,72,Ibam,True
mp-574424,Se8 N8,16,5,0.3125,15,C2/c,True
mp-601228,Na4 H8 C4 S4 O16 F12,48,12,0.25,14,P21/c,True
mp-603575,K1 Fe3 H6 S2 O14,26,7,0.2692307692307692,166,R-3m,True
mp-605120,Cu2 H20 S2 O18,42,22,0.5238095238095238,2,P-1,True
mp-606304,Mg2 H32 C8 S8 N4 O32 F24,110,28,0.2545454545454545,14,P21/c,True
mp-611224,V1 S2,3,3,1.0,1,P1,True
mp-616160,Mn4 C24 S8 N4 O20 F24,84,15,0.17857142857142858,62,Pnma,True
mp-616215,Fe4 C12 Se4 O12,32,16,0.5,2,P-1,True
mp-616514,S4 I8 N8,20,10,0.5,2,P-1,True
mp-622785,Fe16 S16 N16 O16,64,16,0.25,14,P21/c,True
mp-622901,Co12 C26 S4 O24,66,33,0.5,9,Cc,True
mp-624009,Fe4 Te2 W2 C20 Se2 O20,50,25,0.5,2,P-1,True
mp-624052,Fe4 Mo2 C20 Se4 O20,50,25,0.5,2,P-1,True
mp-624762,Fe16 Te8 C44 O44,112,15,0.13392857142857142,56,Pccn,True
mp-629560,Fe6 C18 Se4 O18,46,23,0.5,2,P-1,True
mp-630859,Mn8 C28 S8 O28,72,18,0.25,19,P212121,True
mp-631257,As1 Se1 Br1,3,3,1.0,216,F-43m,True
mp-631293,Hg1 P2 Se1,4,4,1.0,216,F-43m,True
mp-631294,Hf1 Mo1 Se1,3,3,1.0,216,F-43m,True
mp-631304,K1 Nb2 Se1,4,3,0.75,225,Fm-3m,True
mp-631305,Ga2 W1 Se1,4,3,0.75,225,Fm-3m,True
mp-631308,Sn1 Ir1 Se2,4,4,1.0,216,F-43m,True
mp-631331,Si2 Hg1 Te1,4,3,0.75,225,Fm-3m,True
mp-631344,Na1 Os1 Se2,4,4,1.0,216,F-43m,True
mp-631362,Si1 Te2 Os1,4,3,0.75,225,Fm-3m,True
mp-631365,Te1 Ru1 Pb1,3,3,1.0,216,F-43m,True
mp-631366,Tc1 Sn1 Se1,3,3,1.0,216,F-43m,True
mp-631375,Re1 Sn2 Se1,4,4,1.0,216,F-43m,True
mp-631381,Te1 Ru1 Se1,3,3,1.0,216,F-43m,True
mp-631398,Te1 Os1 Cl2,4,4,1.0,216,F-43m,True
mp-631421,Cr1 Ga1 Te1,3,3,1.0,216,F-43m,True
mp-631440,Bi1 Te1 Ir1,3,3,1.0,216,F-43m,True
mp-631450,Be1 Ge2 Te1,4,4,1.0,216,F-43m,True
mp-631462,Be1 Tc1 Se1,3,3,1.0,216,F-43m,True
mp-631511,Bi1 B1 Te1,3,3,1.0,216,F-43m,True
mp-631516,Be2 Hg1 Te1,4,3,0.75,225,Fm-3m,True
mp-631518,Zr1 B1 Te1,3,3,1.0,216,F-43m,True
mp-631520,Tl1 B1 Te2,4,4,1.0,216,F-43m,True
mp-631524,B1 Te2 As1,4,3,0.75,225,Fm-3m,True
mp-631528,Zn1 B1 Se2,4,4,1.0,216,F-43m,True
mp-631529,B1 Se2 Cl1,4,3,0.75,225,Fm-3m,True
mp-631532,Ba1 Be2 Te1,4,3,0.75,225,Fm-3m,True
mp-631540,Ni1 B1 Te1,3,3,1.0,216,F-43m,True
mp-631557,Sn2 B1 Se1,4,3,0.75,225,Fm-3m,True
mp-631573,Re2 Au1 Se1,4,4,1.0,216,F-43m,True
mp-636215,Fe4 C12 S4 O12,32,16,0.5,2,P-1,True
mp-642578,K8 Mn8 S12 O48,76,19,0.25,19,P212121,True
mp-643086,Mo8 P32 C40 S24 O40,144,36,0.25,14,P21/c,True
mp-643430,Al12 S18,30,30,1.0,1,P1,True
mp-643794,H4 S4 O12 F4,24,6,0.25,19,P212121,True
mp-647096,Gd12 S12 N4,28,7,0.25,62,Pnma,True
mp-647840,Fe8 C32 S4 O40,84,21,0.25,14,P21/c,True
mp-648633,Fe12 C40 S4 O40,96,24,0.25,14,P21/c,True
mp-649195,Cr8 C40 S8 O56,112,28,0.25,33,Pna21,True
mp-650029,Fe6 W2 C28 S4 O28,68,21,0.3088235294117647,12,C2/m,True
mp-650121,Li12 Se6 O24,42,21,0.5,2,P-1,True
mp-650984,Ru24 C68 S8 O68,168,42,0.25,19,P212121,True
mp-652180,Au2 C10 S8 Cl8,28,9,0.32142857142857145,12,C2/m,True
mp-652318,Cr4 Fe8 C40 Se16 O40,108,27,0.25,14,P21/c,True
mp-652326,Fe6 C18 S4 O18,46,23,0.5,2,P-1,True
mp-652337,Fe6 Te4 C18 O18,46,23,0.5,2,P-1,True
mp-654299,Fe6 C18 S4 O20,48,24,0.5,2,P-1,True
mp-654906,Mn2 H42 C14 S6 N2,66,33,0.5,2,P-1,True
mp-655078,K4 Zn2 H24 S4 O28,62,16,0.25806451612903225,14,P21/c,True
mp-655446,V1 S2,3,3,1.0,1,P1,True
mp-657353,Ba4 Zn4 Se8 O24,40,10,0.25,14,P21/c,True
mp-660213,Cs4 Mn2 Te4,10,10,1.0,1,P1,True
mp-661707,Li8 Te2 O10,20,11,0.55,2,P-1,True
mp-661715,Ti2 S2 Cl12 O2,18,9,0.5,2,P-1,True
mp-665901,Re1 Te2 Cl12,15,8,0.5333333333333333,2,P-1,True
mp-666011,K2 Co1 Se2 O6,11,6,0.5454545454545454,2,P-1,True
mp-666156,Na4 Te8 O18,30,15,0.5,2,P-1,True
mp-666176,Re8 S16,24,12,0.5,2,P-1,True
mp-666670,Na8 Te2 O10,20,11,0.55,2,P-1,True
mp-667309,Li12 Se6 O24,42,42,1.0,1,P1,True
mp-668113,Ca2 U2 Se4 O16,24,12,0.5,2,P-1,True
mp-672675,S4 N4 Cl4 O16,28,7,0.25,14,P21/c,True
mp-673800,U22 S40,62,9,0.14516129032258066,104,P4nc,True
mp-674944,Sr4 U4 S8,16,3,0.1875,122,I-42d,True
mp-675724,Bi4 Te4 O16,24,24,1.0,1,P1,True
mp-676169,Hg9 Se3 O18,30,30,1.0,1,P1,True
mp-677061,Cs3 Mo1 C6 S3 N6,19,5,0.2631578947368421,187,P-6m2,True
mp-677272,La4 Eu2 S8,14,3,0.21428571428571427,122,I-42d,True
mp-677413,K4 S2 O6,12,6,0.5,9,Cc,True
mp-677510,Li2 Mg2 S2 O8 F2,16,9,0.5625,2,P-1,True
mp-679630,Ba4 Be2 S2 O8 F8,24,12,0.5,4,P21,True
mp-680067,Ag8 C4 S4 N4 Cl4 O16,40,11,0.275,15,C2/c,True
mp-680460,Rb8 Cd8 S12 O48,76,38,0.5,4,P21,True
mp-683793,Fe16 Te8 Mo4 C56 S8 O56,148,37,0.25,33,Pna21,True
mp-683831,Fe12 Mo4 C44 Se4 S12 O44,120,30,0.25,14,P21/c,True
mp-683942,Ba4 U4 Se8 O32,48,12,0.25,14,P21/c,True
mp-684642,S18 N18,36,18,0.5,4,P21,True
mp-684673,S1,1,1,1.0,225,Fm-3m,True
mp-684711,Zr15 S20,35,18,0.5142857142857142,12,C2/m,True
mp-684725,K1 Mg1 H5 S2 O10,19,19,1.0,1,P1,True
mp-684766,Na1 Co2 H3 S2 O10,18,15,0.8333333333333334,8,Cm,True
mp-684804,Mg2 C4 S4 O4 F12,26,14,0.5384615384615384,2,P-1,True
mp-684963,Fe3 Se4,7,4,0.5714285714285714,2,P-1,True
mp-685056,Cu9 S16,25,25,1.0,160,R3m,True
mp-686599,Sr2 Nd20 Se24 Cl16 O72,134,67,0.5,7,Pc,True
mp-690566,Na1 Co2 H3 Se2 O10,18,15,0.8333333333333334,8,Cm,True
mp-690644,Tl1 In1 S2,4,3,0.75,12,C2/m,True
mp-690765,Mg2 H4 S4 O16,26,7,0.2692307692307692,14,P21/c,True
mp-690848,Cd1 H20 C2 S2 N6 O12,43,22,0.5116279069767442,2,P-1,True
mp-694158,Tl8 Sn10 S24,42,21,0.5,2,P-1,True
mp-695196,As2 S4 N4 O2 F18,30,30,1.0,1,P1,True
mp-695237,Rb4 P2 H6 S2 O16,30,16,0.5333333333333333,2,P-1,True
mp-696797,H4 Se4 N4 O16,28,7,0.25,19,P212121,True
mp-698122,K6 H6 S4 O16 F4,36,19,0.5277777777777778,5,C2,True
mp-698271,Ca6 Ni4 H16 C20 S16 O52,114,17,0.14912280701754385,68,Ccce,True
mp-698424,Sb4 H12 C4 S8 N4,32,16,0.5,2,P-1,True
mp-699555,Cr4 C26 S2 N6 O20 F10,68,34,0.5,2,P-1,True
mp-699914,Mn8 P4 C44 S4 O32 F36,128,32,0.25,14,P21/c,True
mp-704101,Mn16 C60 S16 O60,152,38,0.25,14,P21/c,True
mp-704545,Fe12 C40 Se4 O40,96,24,0.25,14,P21/c,True
mp-705014,Ni8 P16 C44 S8 O12 F96,184,24,0.13043478260869565,60,Pbcn,True
mp-707816,H10 C2 S2 N4 Cl2 O8,28,14,0.5,2,P-1,True
mp-711343,H16 Ru8 C64 S24 N8 Cl24 O24,168,42,0.25,33,Pna21,True
mp-720324,Ni4 H48 S8 O36,96,14,0.14583333333333334,62,Pnma,True
mp-720464,Cs4 Al4 H96 S8 O80,192,11,0.057291666666666664,205,Pa-3,True
mp-720529,K1 H28 S4 N7 O16,56,56,1.0,1,P1,True
mp-721342,Mg1 H12 S2 O12,27,14,0.5185185185185185,2,P-1,True
mp-722022,Bi2 C8 S4 Cl6 O4,24,12,0.5,5,C2,True
mp-722288,K2 Co1 H4 Se2 O10,19,10,0.5263157894736842,2,P-1,True
mp-722472,C24 S12 N24 Cl8,68,17,0.25,14,P21/c,True
mp-722541,Sr8 Ga16 S31,55,55,1.0,1,P1,True
mp-722563,C8 Se4 N4 Cl4 O8,28,7,0.25,14,P21/c,True
mp-723017,Se1 Br6 N2,9,3,0.3333333333333333,225,Fm-3m,True
mp-723282,Cs2 C8 S8 N16 O4 F2,40,9,0.225,72,Ibam,True
mp-723393,Te1 N2 Cl6,9,3,0.3333333333333333,225,Fm-3m,True
mp-723973,Sc4 Se6,10,10,1.0,1,P1,True
mp-725061,C4 S4 N8,16,4,0.25,14,P21/c,True
mp-725071,Mo4 S16 N8,28,6,0.21428571428571427,62,Pnma,True
mp-725076,K1 Mn1 H5 S2 O10,19,19,1.0,1,P1,True
mp-725133,Te2 I12 N4,18,5,0.2777777777777778,14,P21/c,True
mp-725545,Ag2 W2 C18 S8 N6,36,18,0.5,4,P21,True
mp-725918,S4 N4 O16,24,6,0.25,14,P21/c,True
mp-726119,Te2 I2 N2 O20,26,13,0.5,2,P-1,True
mp-726207,Ca3 S6 O30,39,7,0.1794871794871795,172,P64,True
mp-726324,Na6 Zn1 H4 S4 O18,33,17,0.5151515151515151,2,P-1,True
mp-726331,C4 S16 N16 Cl4 O8,48,12,0.25,19,P212121,True
mp-726332,S2 N2,4,2,0.5,129,P4/nmm,True
mp-726682,Te2 C8 S8 N16 Cl4 O4,42,11,0.2619047619047619,14,P21/c,True
mp-726716,Mg1 Te1 Cl6 O6,14,8,0.5714285714285714,2,P-1,True
mp-726727,Zn1 S2 N4 O8,15,8,0.5333333333333333,2,P-1,True
mp-726750,Pb4 S8 N8,20,5,0.25,14,P21/c,True
mp-726796,Hg4 Se4 N4 O12,24,6,0.25,14,P21/c,True
mp-726806,S4 N8 O16,28,6,0.21428571428571427,62,Pnma,True
mp-726944,Ag4 C8 S8 N12,32,8,0.25,14,P21/c,True
mp-727093,Cu2 C18 S4 N2 F20,46,13,0.2826086956521739,15,C2/c,True
mp-727099,Sb4 C16 S8 Cl12 O8,48,12,0.25,14,P21/c,True
mp-727163,Li1 Mg1 Cr7 S12 O48,69,69,1.0,1,P1,True
mp-727164,Sb4 S8 N4,16,8,0.5,2,P-1,True
mp-727221,Li2 Zn2 Cr6 S12 O48,70,70,1.0,1,P1,True
mp-727231,Cu4 S16 N4,24,6,0.25,19,P212121,True
mp-727248,K4 S4 N4 O12,24,5,0.20833333333333334,57,Pbcm,True
mp-727374,Hg4 As4 C16 Se12 N4,40,10,0.25,14,P21/c,True
mp-728267,Ce4 S16 N16 O72,108,27,0.25,14,P21/c,True
mp-728300,S8 N16 O24,48,6,0.125,61,Pbca,True
mp-728315,Cu2 H18 C2 S2 N8 Cl6 O2,40,20,0.5,2,P-1,True
mp-728419,Cd4 C28 S12 N16,60,15,0.25,33,Pna21,True
mp-728451,S4 N16 O20,40,8,0.2,62,Pnma,True
mp-728499,Te4 S16 N8 O24,52,13,0.25,14,P21/c,True
mp-728513,Sb32 S56 N16,104,13,0.125,61,Pbca,True
mp-728538,Ba4 S8 N8 O24,44,11,0.25,33,Pna21,True
mp-728567,W4 S16 N8,28,6,0.21428571428571427,62,Pnma,True
mp-728890,Cu2 Ag2 C6 S6 N14,30,10,0.3333333333333333,12,C2/m,True
mp-729075,Sn20 C24 S36 N8 O8,96,13,0.13541666666666666,118,P-4n2,True
mp-729131,U4 S4 O38,46,12,0.2608695652173913,15,C2/c,True
mp-729158,S8 N12 Cl4 O24,48,10,0.20833333333333334,55,Pbam,True
mp-729204,In2 S6 N6 O24,38,7,0.18421052631578946,161,R3c,True
mp-729593,H2 Os12 C36 S4 O38,92,46,0.5,2,P-1,True
mp-729727,Tb24 Pb4 Se40,68,68,1.0,1,P1,True
mp-729825,Te4 Se4 N8 O40,56,15,0.26785714285714285,14,P21/c,True
mp-729891,H36 Se6 N8 O24,74,37,0.5,2,P-1,True
mp-729904,V16 Se16 O104,136,35,0.25735294117647056,15,C2/c,True
mp-730197,Dy14 Pb3 S24,41,41,1.0,1,P1,True
mp-730258,Cs4 Hg2 C4 S2 I8 O2,22,11,0.5,2,P-1,True
mp-730380,Ce8 S12 O64,84,21,0.25,14,P21/c,True
mp-730563,Na6 Mg6 In2 S12 O48,74,74,1.0,1,P1,True
mp-731539,Na2 Mg1 H4 S2 O8,17,9,0.5294117647058824,2,P-1,True
mp-731726,S8 N12 O32,52,28,0.5384615384615384,3,P2,True
mp-731744,Fe2 S8 Br8 N10,28,14,0.5,9,Cc,True
mp-731792,Ag8 S4 N8 O8,28,7,0.25,14,P21/c,True
mp-731948,K8 Re8 C24 S8 N24 O8,80,10,0.125,88,I41/a,True
mp-731953,K2 Fe1 H4 S2 O10,19,10,0.5263157894736842,2,P-1,True
mp-731997,Cd1 C12 S4 N6,23,12,0.5217391304347826,2,P-1,True
mp-732121,La2 S4 N2 O16,24,12,0.5,7,Pc,True
mp-732207,Be2 S2 O16,20,4,0.2,120,I-4c2,True
mp-732271,Sn4 C4 S4 N8 Cl8,28,7,0.25,14,P21/c,True
mp-732278,C4 S4 N8,16,6,0.375,26,Pmc21,True
mp-732296,K4 S4 O24,32,8,0.25,15,C2/c,True
mp-732347,Tl4 Te2 P4 O28,38,10,0.2631578947368421,14,P21/c,True
mp-733386,Sr2 U2 Se4 O16,24,12,0.5,2,P-1,True
mp-733454,Pb2 C4 S4 Br4 N8,22,11,0.5,4,P21,True
mp-733551,Cd8 S12 N8 O48,76,9,0.11842105263157894,198,P213,True
mp-733624,K6 H4 S4 N2 O14,30,15,0.5,2,P-1,True
mp-733972,Ba2 C4 S4 N4 O4,18,9,0.5,12,C2/m,True
mp-733973,Na4 H20 S8 O36,68,17,0.25,14,P21/c,True
mp-734025,Na4 Se2 O10,16,5,0.3125,63,Cmcm,True
mp-734027,S8 N12 O32,52,52,1.0,1,P1,True
mp-734034,V2 H20 S2 O20,44,14,0.3181818181818182,31,Pmn21,True
mp-734059,S8 N8 O24,40,5,0.125,61,Pbca,True
mp-734141,Cu4 C8 S8 N16,36,9,0.25,33,Pna21,True
mp-734160,Na2 H10 S6 O24,42,21,0.5,2,P-1,True
mp-734306,Na4 Te4 H8 O14,30,15,0.5,2,P-1,True
mp-734321,Pr4 S6 O40,50,25,0.5,9,Cc,True
mp-734425,Pt4 S16 N16,36,9,0.25,14,P21/c,True
mp-734582,C16 S48,64,16,0.25,14,P21/c,True
mp-734937,Na5 Te2 H36 Au1 O28,72,37,0.5138888888888888,2,P-1,True
mp-734944,Co8 H16 S32 N32,88,22,0.25,14,P21/c,True
mp-735027,V4 S8 N4 O36,52,13,0.25,19,P212121,True
mp-735625,Co4 H88 S8 N20 O36,156,39,0.25,19,P212121,True
mp-735777,Pr2 C38 S12 N18 O4,74,37,0.5,4,P21,True
mp-736245,La2 S8 N10 O32,52,26,0.5,2,P-1,True
mp-736257,Te2 As4 C96 Cl8,110,28,0.2545454545454545,14,P21/c,True
mp-740871,Ba4 Zn4 C16 S16 N16 O28,84,22,0.2619047619047619,82,I-4,True
mp-743270,Mo30 Se38,68,18,0.2647058823529412,15,C2/c,True
mp-744242,Na4 Te1 Mo6 H40 N2 O40,93,47,0.5053763440860215,2,P-1,True
mp-744309,Ni2 H40 Se4 N4 O28,78,20,0.2564102564102564,14,P21/c,True
mp-744689,Co4 H72 C24 S4 O40,144,36,0.25,14,P21/c,True
mp-746791,Fe4 H40 S8 N4 O44,100,25,0.25,14,P21/c,True
mp-785962,Rb8 S8 O28,44,22,0.5,2,P-1,True
mp-7932,U2 Si2 S2,6,3,0.5,129,P4/nmm,True
mp-795584,Rb4 Al4 S8 O80,96,7,0.07291666666666667,205,Pa-3,True
mp-798760,Cr1 H10 S2 N4 O8,25,13,0.52,2,P-1,True
mp-799387,Li4 Fe3 Te1 O8,16,16,1.0,1,P1,True
mp-801887,Na2 Fe4 H6 S4 O16,32,17,0.53125,2,P-1,True
mp-805196,Li2 Mg1 Cr3 S6 O24,36,36,1.0,1,P1,True
mp-818232,K4 Fe4 S8 O48,64,16,0.25,14,P21/c,True
mp-818262,Mo6 Se2 N4 O24,36,8,0.2222222222222222,173,P63,True
mp-818265,Te2 Mo6 N4 O24,36,8,0.2222222222222222,173,P63,True
mp-818312,Ni1 S2 O12,15,8,0.5333333333333333,2,P-1,True
mp-818400,Fe4 S4 O24,32,8,0.25,14,P21/c,True
mp-849075,Ni1 S2,3,2,0.6666666666666666,191,P6/mmm,True
mp-849080,V1 S2,3,3,1.0,1,P1,True
mp-849098,V1 S2,3,2,0.6666666666666666,47,Pmmm,True
mp-850099,Cu1 S2,3,2,0.6666666666666666,115,P-4m2,True
mp-852960,Te2 P2 H2 O10,16,9,0.5625,2,P-1,True
mp-866820,Ca1 Sn1 S3,5,3,0.6,221,Pm-3m,True
mp-867980,K16 S40 O60,116,15,0.12931034482758622,60,Pbcn,True
mp-867987,Mn2 S4 N4 O28,38,10,0.2631578947368421,14,P21/c,True
mp-867999,Rb16 Te8 S32 O60,116,15,0.12931034482758622,60,Pbcn,True
mp-888449,Mg1 Cr7 S12 O48,68,68,1.0,1,P1,True
mp-936075,Ti4 S8,12,7,0.5833333333333334,2,P-1,True
mp-936895,V1 Fe2 Se4,7,7,1.0,1,P1,True
mp-936907,Fe12 Ni18 S40,70,70,1.0,1,P1,True
mp-937728,Cr2 Co1 Se4,7,4,0.5714285714285714,2,P-1,True
mp-938238,Mg3 Mo12 Se16,31,31,1.0,1,P1,True
mp-961667,Ca1 Ni1 Te1,3,3,1.0,216,F-43m,True
mp-962058,Y1 Se1 Cl1,3,3,1.0,216,F-43m,True
mp-972874,Se1 Br3,4,3,0.75,139,I4/mmm,True
mp-973269,Sb1 Te1 O3,5,3,0.6,221,Pm-3m,True
mp-974332,S3 Br1,4,3,0.75,139,I4/mmm,True
mp-974469,Re2 Te2,4,2,0.5,186,P63mc,True
mp-974505,Re1 Te1 O3,5,3,0.6,221,Pm-3m,True
mp-976627,Ge12 Rh8 Se12,32,16,0.5,2,P-1,True
mp-978501,Si3 Se1,4,3,0.75,225,Fm-3m,True
mp-978993,Th3 S1,4,3,0.75,139,I4/mmm,True
mp-979272,Te1 Pd1 O3,5,3,0.6,221,Pm-3m,True
mp-984712,Cr3 Se1,4,3,0.75,139,I4/mmm,True
mp-985545,Co1 Te1 O3,5,3,0.6,221,Pm-3m,True
mp-988253,Al12 S18,30,30,1.0,1,P1,True
mp-991329,Eu1 Mo6 S8,15,8,0.5333333333333333,2,P-1,True
mp-992066,In1 Mo6 Se8,15,8,0.5333333333333333,2,P-1,True
mp-998361,Ba1 Hf1 S3,5,4,0.8,65,Cmmm,True
